team_1_athlete_1_id,team_1_athlete_1_name,team_1_athlete_1_profile_pic,team_1_athlete_1_nationality_name,team_1_athlete_1_national_flag_thumbnail,team_1_athlete_1_dob,team_1_athlete_1_age,team_1_athlete_1_height,team_1_athlete_2_id,team_1_athlete_2_name,team_1_athlete_2_profile_pic,team_1_athlete_2_nationality_name,team_1_athlete_2_national_flag_thumbnail,team_1_athlete_2_dob,team_1_athlete_2_age,team_1_athlete_2_height,team_1_current_rank,team_1_total_wins,team_1_total_points,team_1_career_wins,team_1_career_losses,team_1_current_year_wins,team_1_current_year_losses,team_2_athlete_1_id,team_2_athlete_1_name,team_2_athlete_1_profile_pic,team_2_athlete_1_nationality_name,team_2_athlete_1_national_flag_thumbnail,team_2_athlete_1_dob,team_2_athlete_1_age,team_2_athlete_1_height,team_2_athlete_2_id,team_2_athlete_2_name,team_2_athlete_2_profile_pic,team_2_athlete_2_nationality_name,team_2_athlete_2_national_flag_thumbnail,team_2_athlete_2_dob,team_2_athlete_2_age,team_2_athlete_2_height,team_2_current_rank,team_2_total_wins,team_2_total_points,team_2_career_wins,team_2_career_losses,team_2_current_year_wins,team_2_current_year_losses
72435,Satwiksairaj RANKIREDDY,https://img.bwfbadminton.com/image/upload/v1697771308/assets/players/thumbnail/72435.jpg,India,https://img.bwfbadminton.com/image/upload/assets/flag-circle-svg-custom/IND.png,2000-08-13,24,184.0,70500,Chirag SHETTY,https://img.bwfbadminton.com/image/upload/v1697771565/assets/players/thumbnail/70500.jpg,India,https://img.bwfbadminton.com/image/upload/assets/flag-circle-svg-custom/IND.png,1997-07-04,27,186.0,16.0,4,224,226,105,13,6,78409,Wei Chong MAN,https://img.bwfbadminton.com/image/upload/v1697420743/assets/players/thumbnail/78409.jpg,Malaysia,https://img.bwfbadminton.com/image/upload/assets/flag-circle-svg-custom/MAS.png,1999-09-05,25.0,,85129,Kai Wun TEE,https://img.bwfbadminton.com/image/upload/v1697443452/assets/players/thumbnail/85129.jpg,Malaysia,https://img.bwfbadminton.com/image/upload/assets/flag-circle-svg-custom/MAS.png,2000-04-17,25.0,,7.0,1,184,102,57,20,10
72435,Satwiksairaj RANKIREDDY,https://img.bwfbadminton.com/image/upload/v1697771308/assets/players/thumbnail/72435.jpg,India,https://img.bwfbadminton.com/image/upload/assets/flag-circle-svg-custom/IND.png,2000-08-13,24,184.0,70500,Chirag SHETTY,https://img.bwfbadminton.com/image/upload/v1697771565/assets/players/thumbnail/70500.jpg,India,https://img.bwfbadminton.com/image/upload/assets/flag-circle-svg-custom/IND.png,1997-07-04,27,186.0,16.0,3,161,226,105,13,6,64729,Rasmus KJÆR,https://img.bwfbadminton.com/image/upload/v1604899224/assets/players/thumbnail/64729.jpg,Denmark,https://img.bwfbadminton.com/image/upload/assets/flag-circle-svg-custom/DEN.png,1998-10-04,26.0,180.0,57731,Frederik SØGAARD,https://img.bwfbadminton.com/image/upload/v1604895161/assets/players/thumbnail/57731.jpg,Denmark,https://img.bwfbadminton.com/image/upload/assets/flag-circle-svg-custom/DEN.png,1997-07-25,27.0,186.0,15.0,0,144,90,48,10,7
72435,Satwiksairaj RANKIREDDY,https://img.bwfbadminton.com/image/upload/v1697771308/assets/players/thumbnail/72435.jpg,India,https://img.bwfbadminton.com/image/upload/assets/flag-circle-svg-custom/IND.png,2000-08-13,24,184.0,70500,Chirag SHETTY,https://img.bwfbadminton.com/image/upload/v1697771565/assets/players/thumbnail/70500.jpg,India,https://img.bwfbadminton.com/image/upload/assets/flag-circle-svg-custom/IND.png,1997-07-04,27,186.0,16.0,3,578,226,105,13,6,56203,Aaron CHIA,https://img.bwfbadminton.com/image/upload/v1627949889/assets/players/thumbnail/56203.jpg,Malaysia,https://img.bwfbadminton.com/image/upload/assets/flag-circle-svg-custom/MAS.png,1997-02-24,28.0,168.0,99389,Wooi Yik SOH,https://img.bwfbadminton.com/image/upload/v1627949962/assets/players/thumbnail/99389.jpg,Malaysia,https://img.bwfbadminton.com/image/upload/assets/flag-circle-svg-custom/MAS.png,1998-02-17,27.0,185.0,2.0,10,609,256,130,27,8
72435,Satwiksairaj RANKIREDDY,https://img.bwfbadminton.com/image/upload/v1697771308/assets/players/thumbnail/72435.jpg,India,https://img.bwfbadminton.com/image/upload/assets/flag-circle-svg-custom/IND.png,2000-08-13,24,184.0,70500,Chirag SHETTY,https://img.bwfbadminton.com/image/upload/v1697771565/assets/players/thumbnail/70500.jpg,India,https://img.bwfbadminton.com/image/upload/assets/flag-circle-svg-custom/IND.png,1997-07-04,27,186.0,16.0,7,412,226,105,13,6,90768,Sze Fei GOH,https://img.bwfbadminton.com/image/upload/v1636512672/assets/players/thumbnail/90768.jpg,Malaysia,https://img.bwfbadminton.com/image/upload/assets/flag-circle-svg-custom/MAS.png,1997-08-18,27.0,171.0,94814,Nur IZZUDDIN,https://img.bwfbadminton.com/image/upload/v1636512792/assets/players/thumbnail/94814.jpg,Malaysia,https://img.bwfbadminton.com/image/upload/assets/flag-circle-svg-custom/MAS.png,1997-11-11,27.0,175.0,1.0,2,379,183,113,15,7
72435,Satwiksairaj RANKIREDDY,https://img.bwfbadminton.com/image/upload/v1697771308/assets/players/thumbnail/72435.jpg,India,https://img.bwfbadminton.com/image/upload/assets/flag-circle-svg-custom/IND.png,2000-08-13,24,184.0,70500,Chirag SHETTY,https://img.bwfbadminton.com/image/upload/v1697771565/assets/players/thumbnail/70500.jpg,India,https://img.bwfbadminton.com/image/upload/assets/flag-circle-svg-custom/IND.png,1997-07-04,27,186.0,16.0,1,61,226,105,13,6,87432,Sabar Karyaman GUTAMA,https://img.bwfbadminton.com/image/upload/assets/players/thumbnail/profile_male.jpg,Indonesia,https://img.bwfbadminton.com/image/upload/assets/flag-circle-svg-custom/INA.png,1996-01-08,29.0,,86136,Moh Reza Pahlevi ISFAHANI,https://img.bwfbadminton.com/image/upload/v1604895633/assets/players/thumbnail/86136.jpg,Indonesia,https://img.bwfbadminton.com/image/upload/assets/flag-circle-svg-custom/INA.png,1998-08-06,26.0,,8.0,0,56,92,50,13,8
72435,Satwiksairaj RANKIREDDY,https://img.bwfbadminton.com/image/upload/v1697771308/assets/players/thumbnail/72435.jpg,India,https://img.bwfbadminton.com/image/upload/assets/flag-circle-svg-custom/IND.png,2000-08-13,24,184.0,70500,Chirag SHETTY,https://img.bwfbadminton.com/image/upload/v1697771565/assets/players/thumbnail/70500.jpg,India,https://img.bwfbadminton.com/image/upload/assets/flag-circle-svg-custom/IND.png,1997-07-04,27,186.0,16.0,1,42,226,105,13,6,56350,Hon Jian CHOONG,https://img.bwfbadminton.com/image/upload/v1604896521/assets/players/thumbnail/56350.jpg,Malaysia,https://img.bwfbadminton.com/image/upload/assets/flag-circle-svg-custom/MAS.png,2000-07-02,24.0,,88642,Muhammad HAIKAL,https://img.bwfbadminton.com/image/upload/v1654675847/assets/players/thumbnail/88642.jpg,Malaysia,https://img.bwfbadminton.com/image/upload/assets/flag-circle-svg-custom/MAS.png,2002-12-26,22.0,,38.0,0,29,40,26,1,5
72435,Satwiksairaj RANKIREDDY,https://img.bwfbadminton.com/image/upload/v1697771308/assets/players/thumbnail/72435.jpg,India,https://img.bwfbadminton.com/image/upload/assets/flag-circle-svg-custom/IND.png,2000-08-13,24,184.0,70500,Chirag SHETTY,https://img.bwfbadminton.com/image/upload/v1697771565/assets/players/thumbnail/70500.jpg,India,https://img.bwfbadminton.com/image/upload/assets/flag-circle-svg-custom/IND.png,1997-07-04,27,186.0,16.0,1,60,226,105,13,6,89909,Hao Nan XIE,https://img.bwfbadminton.com/image/upload/assets/players/thumbnail/profile_male.jpg,China,https://img.bwfbadminton.com/image/upload/assets/flag-circle-svg-custom/CHN.png,2000-09-29,24.0,,66820,Wei Han ZENG,https://img.bwfbadminton.com/image/upload/assets/players/thumbnail/profile_male.jpg,China,https://img.bwfbadminton.com/image/upload/assets/flag-circle-svg-custom/CHN.png,2002-07-29,22.0,,27.0,1,50,33,29,9,9
72435,Satwiksairaj RANKIREDDY,https://img.bwfbadminton.com/image/upload/v1697771308/assets/players/thumbnail/72435.jpg,India,https://img.bwfbadminton.com/image/upload/assets/flag-circle-svg-custom/IND.png,2000-08-13,24,184.0,70500,Chirag SHETTY,https://img.bwfbadminton.com/image/upload/v1697771565/assets/players/thumbnail/70500.jpg,India,https://img.bwfbadminton.com/image/upload/assets/flag-circle-svg-custom/IND.png,1997-07-04,27,186.0,16.0,1,80,226,105,13,6,68134,Daniel LUNDGAARD,https://img.bwfbadminton.com/image/upload/v1604896020/assets/players/thumbnail/68134.jpg,Denmark,https://img.bwfbadminton.com/image/upload/assets/flag-circle-svg-custom/DEN.png,2000-07-02,24.0,,60507,Mads VESTERGAARD,https://img.bwfbadminton.com/image/upload/v1724635601/assets/players/thumbnail/60507.jpg,Denmark,https://img.bwfbadminton.com/image/upload/assets/flag-circle-svg-custom/DEN.png,2002-03-11,23.0,,26.0,1,75,54,42,6,10
72435,Satwiksairaj RANKIREDDY,https://img.bwfbadminton.com/image/upload/v1697771308/assets/players/thumbnail/72435.jpg,India,https://img.bwfbadminton.com/image/upload/assets/flag-circle-svg-custom/IND.png,2000-08-13,24,184.0,70500,Chirag SHETTY,https://img.bwfbadminton.com/image/upload/v1697771565/assets/players/thumbnail/70500.jpg,India,https://img.bwfbadminton.com/image/upload/assets/flag-circle-svg-custom/IND.png,1997-07-04,27,186.0,16.0,0,41,226,105,13,6,73633,Kittinupong KEDREN,https://img.bwfbadminton.com/image/upload/v1721631057/assets/players/thumbnail/73633.jpg,Thailand,https://img.bwfbadminton.com/image/upload/assets/flag-circle-svg-custom/THA.png,1996-07-19,28.0,163.0,61731,Dechapol PUAVARANUKROH,https://img.bwfbadminton.com/image/upload/v1636447436/assets/players/thumbnail/61731.jpg,Thailand,https://img.bwfbadminton.com/image/upload/assets/flag-circle-svg-custom/THA.png,1997-05-20,28.0,169.0,14.0,1,45,110,105,20,9
72435,Satwiksairaj RANKIREDDY,https://img.bwfbadminton.com/image/upload/v1697771308/assets/players/thumbnail/72435.jpg,India,https://img.bwfbadminton.com/image/upload/assets/flag-circle-svg-custom/IND.png,2000-08-13,24,184.0,70500,Chirag SHETTY,https://img.bwfbadminton.com/image/upload/v1697771565/assets/players/thumbnail/70500.jpg,India,https://img.bwfbadminton.com/image/upload/assets/flag-circle-svg-custom/IND.png,1997-07-04,27,186.0,16.0,1,42,226,105,13,6,75829,Zhi  Ray CHEN,https://img.bwfbadminton.com/image/upload/assets/players/thumbnail/profile_male.jpg,Chinese Taipei,https://img.bwfbadminton.com/image/upload/assets/flag-circle-svg-custom/TPE.png,2002-08-14,22.0,,92504,Yu Chieh LIN,https://img.bwfbadminton.com/image/upload/v1696985956/assets/players/thumbnail/92504.jpg,Chinese Taipei,https://img.bwfbadminton.com/image/upload/assets/flag-circle-svg-custom/TPE.png,2000-05-19,25.0,,36.0,0,31,26,26,4,11
72435,Satwiksairaj RANKIREDDY,https://img.bwfbadminton.com/image/upload/v1697771308/assets/players/thumbnail/72435.jpg,India,https://img.bwfbadminton.com/image/upload/assets/flag-circle-svg-custom/IND.png,2000-08-13,24,184.0,70500,Chirag SHETTY,https://img.bwfbadminton.com/image/upload/v1697771565/assets/players/thumbnail/70500.jpg,India,https://img.bwfbadminton.com/image/upload/assets/flag-circle-svg-custom/IND.png,1997-07-04,27,186.0,16.0,2,104,226,105,13,6,96604,Kenya MITSUHASHI,https://img.bwfbadminton.com/image/upload/v1690185602/assets/players/thumbnail/96604.jpg,Japan,https://img.bwfbadminton.com/image/upload/assets/flag-circle-svg-custom/JPN.png,1997-07-11,27.0,,86479,Hiroki OKAMURA,https://img.bwfbadminton.com/image/upload/v1604895639/assets/players/thumbnail/86479.jpg,Japan,https://img.bwfbadminton.com/image/upload/assets/flag-circle-svg-custom/JPN.png,1998-12-06,26.0,,29.0,0,84,51,32,2,7
72435,Satwiksairaj RANKIREDDY,https://img.bwfbadminton.com/image/upload/v1697771308/assets/players/thumbnail/72435.jpg,India,https://img.bwfbadminton.com/image/upload/assets/flag-circle-svg-custom/IND.png,2000-08-13,24,184.0,70500,Chirag SHETTY,https://img.bwfbadminton.com/image/upload/v1697771565/assets/players/thumbnail/70500.jpg,India,https://img.bwfbadminton.com/image/upload/assets/flag-circle-svg-custom/IND.png,1997-07-04,27,186.0,16.0,0,25,226,105,13,6,61444,Won Ho KIM,https://img.bwfbadminton.com/image/upload/v1604895351/assets/players/thumbnail/61444.jpg,Korea,https://img.bwfbadminton.com/image/upload/assets/flag-circle-svg-custom/KOR.png,1999-06-02,26.0,184.0,66513,Seung Jae SEO,https://img.bwfbadminton.com/image/upload/v1604895418/assets/players/thumbnail/66513.jpg,Korea,https://img.bwfbadminton.com/image/upload/assets/flag-circle-svg-custom/KOR.png,1997-09-04,27.0,182.0,4.0,1,42,72,19,35,4
72435,Satwiksairaj RANKIREDDY,https://img.bwfbadminton.com/image/upload/v1697771308/assets/players/thumbnail/72435.jpg,India,https://img.bwfbadminton.com/image/upload/assets/flag-circle-svg-custom/IND.png,2000-08-13,24,184.0,70500,Chirag SHETTY,https://img.bwfbadminton.com/image/upload/v1697771565/assets/players/thumbnail/70500.jpg,India,https://img.bwfbadminton.com/image/upload/assets/flag-circle-svg-custom/IND.png,1997-07-04,27,186.0,16.0,6,447,226,105,13,6,84064,Yew Sin ONG,https://img.bwfbadminton.com/image/upload/v1604895617/assets/players/thumbnail/84064.jpg,Malaysia,https://img.bwfbadminton.com/image/upload/assets/flag-circle-svg-custom/MAS.png,1995-01-30,30.0,181.0,99066,Ee Yi TEO,https://img.bwfbadminton.com/image/upload/v1604895769/assets/players/thumbnail/99066.jpg,Malaysia,https://img.bwfbadminton.com/image/upload/assets/flag-circle-svg-custom/MAS.png,1993-04-04,32.0,174.0,31.0,3,443,183,141,2,8
72435,Satwiksairaj RANKIREDDY,https://img.bwfbadminton.com/image/upload/v1697771308/assets/players/thumbnail/72435.jpg,India,https://img.bwfbadminton.com/image/upload/assets/flag-circle-svg-custom/IND.png,2000-08-13,24,184.0,70500,Chirag SHETTY,https://img.bwfbadminton.com/image/upload/v1697771565/assets/players/thumbnail/70500.jpg,India,https://img.bwfbadminton.com/image/upload/assets/flag-circle-svg-custom/IND.png,1997-07-04,27,186.0,16.0,2,84,226,105,13,6,70443,Nur Mohd Azriyn Ayub AZRIYN,https://img.bwfbadminton.com/image/upload/v1604895472/assets/players/thumbnail/70443.jpg,Malaysia,https://img.bwfbadminton.com/image/upload/assets/flag-circle-svg-custom/MAS.png,1993-07-19,31.0,,52071,Wee Kiong TAN,https://img.bwfbadminton.com/image/upload/v1604895111/assets/players/thumbnail/52071.jpg,Malaysia,https://img.bwfbadminton.com/image/upload/assets/flag-circle-svg-custom/MAS.png,1989-05-21,36.0,176.0,25.0,0,56,36,36,3,11
72435,Satwiksairaj RANKIREDDY,https://img.bwfbadminton.com/image/upload/v1697771308/assets/players/thumbnail/72435.jpg,India,https://img.bwfbadminton.com/image/upload/assets/flag-circle-svg-custom/IND.png,2000-08-13,24,184.0,70500,Chirag SHETTY,https://img.bwfbadminton.com/image/upload/v1697771565/assets/players/thumbnail/70500.jpg,India,https://img.bwfbadminton.com/image/upload/assets/flag-circle-svg-custom/IND.png,1997-07-04,27,186.0,16.0,2,100,226,105,13,6,58986,Ming Che LU,https://img.bwfbadminton.com/image/upload/assets/players/thumbnail/profile_male.jpg,Chinese Taipei,https://img.bwfbadminton.com/image/upload/assets/flag-circle-svg-custom/TPE.png,1998-12-21,26.0,,72372,Kai  Wei TANG,https://img.bwfbadminton.com/image/upload/assets/players/thumbnail/profile_male.jpg,Chinese Taipei,https://img.bwfbadminton.com/image/upload/assets/flag-circle-svg-custom/TPE.png,1998-06-29,26.0,,45.0,0,59,38,40,3,7
72435,Satwiksairaj RANKIREDDY,https://img.bwfbadminton.com/image/upload/v1697771308/assets/players/thumbnail/72435.jpg,India,https://img.bwfbadminton.com/image/upload/assets/flag-circle-svg-custom/IND.png,2000-08-13,24,184.0,70500,Chirag SHETTY,https://img.bwfbadminton.com/image/upload/v1697771565/assets/players/thumbnail/70500.jpg,India,https://img.bwfbadminton.com/image/upload/assets/flag-circle-svg-custom/IND.png,1997-07-04,27,186.0,16.0,4,411,226,105,13,6,92980,Kim ASTRUP,https://img.bwfbadminton.com/image/upload/v1636531494/assets/players/thumbnail/92980.jpg,Denmark,https://img.bwfbadminton.com/image/upload/assets/flag-circle-svg-custom/DEN.png,1992-03-06,33.0,185.0,44414,Anders Skaarup RASMUSSEN,https://img.bwfbadminton.com/image/upload/v1636531127/assets/players/thumbnail/44414.jpg,Denmark,https://img.bwfbadminton.com/image/upload/assets/flag-circle-svg-custom/DEN.png,1989-02-15,36.0,189.0,3.0,6,417,383,197,10,8
72435,Satwiksairaj RANKIREDDY,https://img.bwfbadminton.com/image/upload/v1697771308/assets/players/thumbnail/72435.jpg,India,https://img.bwfbadminton.com/image/upload/assets/flag-circle-svg-custom/IND.png,2000-08-13,24,184.0,70500,Chirag SHETTY,https://img.bwfbadminton.com/image/upload/v1697771565/assets/players/thumbnail/70500.jpg,India,https://img.bwfbadminton.com/image/upload/assets/flag-circle-svg-custom/IND.png,1997-07-04,27,186.0,16.0,4,204,226,105,13,6,99102,Jhe-Huei LEE,https://img.bwfbadminton.com/image/upload/v1604896182/assets/players/thumbnail/99102.jpg,Chinese Taipei,https://img.bwfbadminton.com/image/upload/assets/flag-circle-svg-custom/TPE.png,1994-03-20,31.0,180.0,76275,Po-Hsuan YANG,https://img.bwfbadminton.com/image/upload/v1657773412/assets/players/thumbnail/76275.jpg,Chinese Taipei,https://img.bwfbadminton.com/image/upload/assets/flag-circle-svg-custom/TPE.png,1996-08-23,28.0,186.0,20.0,0,179,136,98,8,10
72435,Satwiksairaj RANKIREDDY,https://img.bwfbadminton.com/image/upload/v1697771308/assets/players/thumbnail/72435.jpg,India,https://img.bwfbadminton.com/image/upload/assets/flag-circle-svg-custom/IND.png,2000-08-13,24,184.0,70500,Chirag SHETTY,https://img.bwfbadminton.com/image/upload/v1697771565/assets/players/thumbnail/70500.jpg,India,https://img.bwfbadminton.com/image/upload/assets/flag-circle-svg-custom/IND.png,1997-07-04,27,186.0,16.0,4,244,226,105,13,6,88876,Fajar ALFIAN,https://img.bwfbadminton.com/image/upload/v1689648880/assets/players/thumbnail/88876.jpg,Indonesia,https://img.bwfbadminton.com/image/upload/assets/flag-circle-svg-custom/INA.png,1996-03-07,29.0,177.0,91130,Muhammad Rian ARDIANTO,https://img.bwfbadminton.com/image/upload/v1690160931/assets/players/thumbnail/91130.jpg,Indonesia,https://img.bwfbadminton.com/image/upload/assets/flag-circle-svg-custom/INA.png,1996-02-13,29.0,175.0,5.0,2,221,329,140,17,8
72435,Satwiksairaj RANKIREDDY,https://img.bwfbadminton.com/image/upload/v1697771308/assets/players/thumbnail/72435.jpg,India,https://img.bwfbadminton.com/image/upload/assets/flag-circle-svg-custom/IND.png,2000-08-13,24,184.0,70500,Chirag SHETTY,https://img.bwfbadminton.com/image/upload/v1697771565/assets/players/thumbnail/70500.jpg,India,https://img.bwfbadminton.com/image/upload/assets/flag-circle-svg-custom/IND.png,1997-07-04,27,186.0,16.0,3,126,226,105,13,6,89416,Lucas CORVEE,https://img.bwfbadminton.com/image/upload/v1721630658/assets/players/thumbnail/89416.jpg,France,https://img.bwfbadminton.com/image/upload/assets/flag-circle-svg-custom/FRA.png,1993-06-09,32.0,190.0,22038,Ronan LABAR,https://img.bwfbadminton.com/image/upload/v1721630720/assets/players/thumbnail/22038.jpg,France,https://img.bwfbadminton.com/image/upload/assets/flag-circle-svg-custom/FRA.png,1989-05-03,36.0,191.0,215.0,0,86,57,61,0,0
72435,Satwiksairaj RANKIREDDY,https://img.bwfbadminton.com/image/upload/v1697771308/assets/players/thumbnail/72435.jpg,India,https://img.bwfbadminton.com/image/upload/assets/flag-circle-svg-custom/IND.png,2000-08-13,24,184.0,70500,Chirag SHETTY,https://img.bwfbadminton.com/image/upload/v1697771565/assets/players/thumbnail/70500.jpg,India,https://img.bwfbadminton.com/image/upload/assets/flag-circle-svg-custom/IND.png,1997-07-04,27,186.0,16.0,1,42,226,105,13,6,93130,Bo Yang CHEN,https://img.bwfbadminton.com/image/upload/v1690181900/assets/players/thumbnail/93130.jpg,China,https://img.bwfbadminton.com/image/upload/assets/flag-circle-svg-custom/CHN.png,2000-05-06,25.0,,71223,Yi LIU,https://img.bwfbadminton.com/image/upload/v1690181939/assets/players/thumbnail/71223.jpg,China,https://img.bwfbadminton.com/image/upload/assets/flag-circle-svg-custom/CHN.png,2003-07-07,21.0,,12.0,0,30,69,39,12,8
72435,Satwiksairaj RANKIREDDY,https://img.bwfbadminton.com/image/upload/v1697771308/assets/players/thumbnail/72435.jpg,India,https://img.bwfbadminton.com/image/upload/assets/flag-circle-svg-custom/IND.png,2000-08-13,24,184.0,70500,Chirag SHETTY,https://img.bwfbadminton.com/image/upload/v1697771565/assets/players/thumbnail/70500.jpg,India,https://img.bwfbadminton.com/image/upload/assets/flag-circle-svg-custom/IND.png,1997-07-04,27,186.0,16.0,1,42,226,105,13,6,67949,Junaidi ARIF,https://img.bwfbadminton.com/image/upload/v1654675738/assets/players/thumbnail/67949.jpg,Malaysia,https://img.bwfbadminton.com/image/upload/assets/flag-circle-svg-custom/MAS.png,2002-06-06,23.0,,88322,Roy King YAP,https://img.bwfbadminton.com/image/upload/v1654675882/assets/players/thumbnail/88322.jpg,Malaysia,https://img.bwfbadminton.com/image/upload/assets/flag-circle-svg-custom/MAS.png,2001-02-10,24.0,,24.0,0,21,47,32,12,11
72435,Satwiksairaj RANKIREDDY,https://img.bwfbadminton.com/image/upload/v1697771308/assets/players/thumbnail/72435.jpg,India,https://img.bwfbadminton.com/image/upload/assets/flag-circle-svg-custom/IND.png,2000-08-13,24,184.0,70500,Chirag SHETTY,https://img.bwfbadminton.com/image/upload/v1697771565/assets/players/thumbnail/70500.jpg,India,https://img.bwfbadminton.com/image/upload/assets/flag-circle-svg-custom/IND.png,1997-07-04,27,186.0,16.0,2,359,226,105,13,6,90531,Wei Keng LIANG,https://img.bwfbadminton.com/image/upload/v1604896511/assets/players/thumbnail/90531.jpg,China,https://img.bwfbadminton.com/image/upload/assets/flag-circle-svg-custom/CHN.png,2000-11-30,24.0,175.0,55414,Chang WANG,https://img.bwfbadminton.com/image/upload/v1604896024/assets/players/thumbnail/55414.jpg,China,https://img.bwfbadminton.com/image/upload/assets/flag-circle-svg-custom/CHN.png,2001-05-07,24.0,181.0,6.0,5,339,133,39,17,8
72435,Satwiksairaj RANKIREDDY,https://img.bwfbadminton.com/image/upload/v1697771308/assets/players/thumbnail/72435.jpg,India,https://img.bwfbadminton.com/image/upload/assets/flag-circle-svg-custom/IND.png,2000-08-13,24,184.0,70500,Chirag SHETTY,https://img.bwfbadminton.com/image/upload/v1697771565/assets/players/thumbnail/70500.jpg,India,https://img.bwfbadminton.com/image/upload/assets/flag-circle-svg-custom/IND.png,1997-07-04,27,186.0,16.0,4,391,226,105,13,6,91440,Muhammad Shohibul FIKRI,https://img.bwfbadminton.com/image/upload/v1604895889/assets/players/thumbnail/91440.jpg,Indonesia,https://img.bwfbadminton.com/image/upload/assets/flag-circle-svg-custom/INA.png,1999-11-15,25.0,176.0,79658,Bagas MAULANA,https://img.bwfbadminton.com/image/upload/v1647993849/assets/players/thumbnail/79658.jpg,Indonesia,https://img.bwfbadminton.com/image/upload/assets/flag-circle-svg-custom/INA.png,1998-07-20,26.0,182.0,155.0,4,384,119,83,0,1
72435,Satwiksairaj RANKIREDDY,https://img.bwfbadminton.com/image/upload/v1697771308/assets/players/thumbnail/72435.jpg,India,https://img.bwfbadminton.com/image/upload/assets/flag-circle-svg-custom/IND.png,2000-08-13,24,184.0,70500,Chirag SHETTY,https://img.bwfbadminton.com/image/upload/v1697771565/assets/players/thumbnail/70500.jpg,India,https://img.bwfbadminton.com/image/upload/assets/flag-circle-svg-custom/IND.png,1997-07-04,27,186.0,16.0,4,260,226,105,13,6,76278,Ben LANE,https://img.bwfbadminton.com/image/upload/v1604895527/assets/players/thumbnail/76278.jpg,England,https://img.bwfbadminton.com/image/upload/assets/flag-circle-svg-custom/ENG.png,1997-07-13,27.0,175.0,72478,Sean VENDY,https://img.bwfbadminton.com/image/upload/v1604896409/assets/players/thumbnail/72478.jpg,England,https://img.bwfbadminton.com/image/upload/assets/flag-circle-svg-custom/ENG.png,1996-05-18,29.0,181.0,13.0,2,228,192,150,10,7
72435,Satwiksairaj RANKIREDDY,https://img.bwfbadminton.com/image/upload/v1697771308/assets/players/thumbnail/72435.jpg,India,https://img.bwfbadminton.com/image/upload/assets/flag-circle-svg-custom/IND.png,2000-08-13,24,184.0,70500,Chirag SHETTY,https://img.bwfbadminton.com/image/upload/v1697771565/assets/players/thumbnail/70500.jpg,India,https://img.bwfbadminton.com/image/upload/assets/flag-circle-svg-custom/IND.png,1997-07-04,27,186.0,16.0,1,61,226,105,13,6,84102,Peeratchai SUKPHUN,https://img.bwfbadminton.com/image/upload/assets/players/thumbnail/profile_male.jpg,Thailand,https://img.bwfbadminton.com/image/upload/assets/flag-circle-svg-custom/THA.png,2004-08-31,20.0,,65674,Pakkapon TEERARATSAKUL,https://img.bwfbadminton.com/image/upload/assets/players/thumbnail/profile_male.jpg,Thailand,https://img.bwfbadminton.com/image/upload/assets/flag-circle-svg-custom/THA.png,2004-11-11,20.0,,33.0,0,52,73,53,6,8
72435,Satwiksairaj RANKIREDDY,https://img.bwfbadminton.com/image/upload/v1697771308/assets/players/thumbnail/72435.jpg,India,https://img.bwfbadminton.com/image/upload/assets/flag-circle-svg-custom/IND.png,2000-08-13,24,184.0,70500,Chirag SHETTY,https://img.bwfbadminton.com/image/upload/v1697771565/assets/players/thumbnail/70500.jpg,India,https://img.bwfbadminton.com/image/upload/assets/flag-circle-svg-custom/IND.png,1997-07-04,27,186.0,16.0,4,369,226,105,13,6,52749,Mohammad AHSAN,https://img.bwfbadminton.com/image/upload/v1590501414/assets/players/thumbnail/52749.jpg,Indonesia,https://img.bwfbadminton.com/image/upload/assets/flag-circle-svg-custom/INA.png,1987-09-07,37.0,173.0,51074,Hendra SETIAWAN,https://img.bwfbadminton.com/image/upload/v1657778738/assets/players/thumbnail/51074.jpg,Indonesia,https://img.bwfbadminton.com/image/upload/assets/flag-circle-svg-custom/INA.png,1984-08-25,40.0,183.0,50.0,4,355,347,143,1,1
69560,Hariharan AMSAKARUNAN,https://img.bwfbadminton.com/image/upload/assets/players/thumbnail/profile_male.jpg,India,https://img.bwfbadminton.com/image/upload/assets/flag-circle-svg-custom/IND.png,2003-05-18,22,,98187,Ruban Kumar RETHINASABAPATHI,https://img.bwfbadminton.com/image/upload/assets/players/thumbnail/profile_male.jpg,India,https://img.bwfbadminton.com/image/upload/assets/flag-circle-svg-custom/IND.png,2003-07-08,21,,37.0,1,155,63,36,7,7,99494,Christian BERNARDO,https://img.bwfbadminton.com/image/upload/v1690255245/assets/players/thumbnail/99494.jpg,Philippines,https://img.bwfbadminton.com/image/upload/assets/flag-circle-svg-custom/PHI.png,1998-07-25,26.0,,56754,Alvin MORADA,https://img.bwfbadminton.com/image/upload/v1690255182/assets/players/thumbnail/56754.jpg,Philippines,https://img.bwfbadminton.com/image/upload/assets/flag-circle-svg-custom/PHI.png,1997-04-12,28.0,175.0,102.0,3,164,53,24,0,0
69560,Hariharan AMSAKARUNAN,https://img.bwfbadminton.com/image/upload/assets/players/thumbnail/profile_male.jpg,India,https://img.bwfbadminton.com/image/upload/assets/flag-circle-svg-custom/IND.png,2003-05-18,22,,98187,Ruban Kumar RETHINASABAPATHI,https://img.bwfbadminton.com/image/upload/assets/players/thumbnail/profile_male.jpg,India,https://img.bwfbadminton.com/image/upload/assets/flag-circle-svg-custom/IND.png,2003-07-08,21,,37.0,1,42,63,36,7,7,65371,Vaibhaav .,https://img.bwfbadminton.com/image/upload/assets/players/thumbnail/profile_male.jpg,India,https://img.bwfbadminton.com/image/upload/assets/flag-circle-svg-custom/IND.png,1999-04-24,26.0,,89369,Nithin H.V.,https://img.bwfbadminton.com/image/upload/assets/players/thumbnail/profile_male.jpg,India,https://img.bwfbadminton.com/image/upload/assets/flag-circle-svg-custom/IND.png,2001-02-09,24.0,,,0,34,5,7,0,0
69560,Hariharan AMSAKARUNAN,https://img.bwfbadminton.com/image/upload/assets/players/thumbnail/profile_male.jpg,India,https://img.bwfbadminton.com/image/upload/assets/flag-circle-svg-custom/IND.png,2003-05-18,22,,98187,Ruban Kumar RETHINASABAPATHI,https://img.bwfbadminton.com/image/upload/assets/players/thumbnail/profile_male.jpg,India,https://img.bwfbadminton.com/image/upload/assets/flag-circle-svg-custom/IND.png,2003-07-08,21,,37.0,1,42,63,36,7,7,91112,Mael CATTOEN,https://img.bwfbadminton.com/image/upload/assets/players/thumbnail/profile_male.jpg,France,https://img.bwfbadminton.com/image/upload/assets/flag-circle-svg-custom/FRA.png,2004-02-09,21.0,,78192,Lucas RENOIR,https://img.bwfbadminton.com/image/upload/assets/players/thumbnail/profile_male.jpg,France,https://img.bwfbadminton.com/image/upload/assets/flag-circle-svg-custom/FRA.png,2004-03-07,21.0,,51.0,0,23,64,41,13,8
69560,Hariharan AMSAKARUNAN,https://img.bwfbadminton.com/image/upload/assets/players/thumbnail/profile_male.jpg,India,https://img.bwfbadminton.com/image/upload/assets/flag-circle-svg-custom/IND.png,2003-05-18,22,,98187,Ruban Kumar RETHINASABAPATHI,https://img.bwfbadminton.com/image/upload/assets/players/thumbnail/profile_male.jpg,India,https://img.bwfbadminton.com/image/upload/assets/flag-circle-svg-custom/IND.png,2003-07-08,21,,37.0,1,42,63,36,7,7,77168,Dev AYYAPPAN,https://img.bwfbadminton.com/image/upload/assets/players/thumbnail/profile_male.jpg,United Arab Emirates,https://img.bwfbadminton.com/image/upload/assets/flag-circle-svg-custom/UAE.png,2006-01-16,19.0,,79739,Dhiren AYYAPPAN,https://img.bwfbadminton.com/image/upload/assets/players/thumbnail/profile_male.jpg,United Arab Emirates,https://img.bwfbadminton.com/image/upload/assets/flag-circle-svg-custom/UAE.png,2006-01-16,19.0,,128.0,0,30,15,19,8,6
69560,Hariharan AMSAKARUNAN,https://img.bwfbadminton.com/image/upload/assets/players/thumbnail/profile_male.jpg,India,https://img.bwfbadminton.com/image/upload/assets/flag-circle-svg-custom/IND.png,2003-05-18,22,,98187,Ruban Kumar RETHINASABAPATHI,https://img.bwfbadminton.com/image/upload/assets/players/thumbnail/profile_male.jpg,India,https://img.bwfbadminton.com/image/upload/assets/flag-circle-svg-custom/IND.png,2003-07-08,21,,37.0,1,60,63,36,7,7,82404,Daniel Md Zakaria ASHRAF,https://img.bwfbadminton.com/image/upload/assets/players/thumbnail/profile_male.jpg,Malaysia,https://img.bwfbadminton.com/image/upload/assets/flag-circle-svg-custom/MAS.png,2002-07-22,22.0,,70499,Nazri Md Zakaria M ARIFFIN,https://img.bwfbadminton.com/image/upload/assets/players/thumbnail/profile_male.jpg,Malaysia,https://img.bwfbadminton.com/image/upload/assets/flag-circle-svg-custom/MAS.png,2004-08-31,20.0,,163.0,0,56,13,6,3,1
69560,Hariharan AMSAKARUNAN,https://img.bwfbadminton.com/image/upload/assets/players/thumbnail/profile_male.jpg,India,https://img.bwfbadminton.com/image/upload/assets/flag-circle-svg-custom/IND.png,2003-05-18,22,,98187,Ruban Kumar RETHINASABAPATHI,https://img.bwfbadminton.com/image/upload/assets/players/thumbnail/profile_male.jpg,India,https://img.bwfbadminton.com/image/upload/assets/flag-circle-svg-custom/IND.png,2003-07-08,21,,37.0,2,84,63,36,7,7,59445,Jean Bernard BONGOUT,https://img.bwfbadminton.com/image/upload/assets/players/thumbnail/profile_male.jpg,Mauritius,https://img.bwfbadminton.com/image/upload/assets/flag-circle-svg-custom/MRI.png,2001-02-18,24.0,,64839,Georges Julien PAUL,https://img.bwfbadminton.com/image/upload/v1719889167/assets/players/thumbnail/64839.jpg,Mauritius,https://img.bwfbadminton.com/image/upload/assets/flag-circle-svg-custom/MRI.png,1996-01-07,29.0,,193.0,0,44,14,10,8,4
69560,Hariharan AMSAKARUNAN,https://img.bwfbadminton.com/image/upload/assets/players/thumbnail/profile_male.jpg,India,https://img.bwfbadminton.com/image/upload/assets/flag-circle-svg-custom/IND.png,2003-05-18,22,,98187,Ruban Kumar RETHINASABAPATHI,https://img.bwfbadminton.com/image/upload/assets/players/thumbnail/profile_male.jpg,India,https://img.bwfbadminton.com/image/upload/assets/flag-circle-svg-custom/IND.png,2003-07-08,21,,37.0,0,77,63,36,7,7,85805,Rory EASTON,https://img.bwfbadminton.com/image/upload/v1604899230/assets/players/thumbnail/85805.jpg,England,https://img.bwfbadminton.com/image/upload/assets/flag-circle-svg-custom/ENG.png,2001-01-16,24.0,,69360,Alex GREEN,https://img.bwfbadminton.com/image/upload/assets/players/thumbnail/profile_male.jpg,England,https://img.bwfbadminton.com/image/upload/assets/flag-circle-svg-custom/ENG.png,2003-07-29,21.0,,57.0,2,95,30,20,4,8
69560,Hariharan AMSAKARUNAN,https://img.bwfbadminton.com/image/upload/assets/players/thumbnail/profile_male.jpg,India,https://img.bwfbadminton.com/image/upload/assets/flag-circle-svg-custom/IND.png,2003-05-18,22,,98187,Ruban Kumar RETHINASABAPATHI,https://img.bwfbadminton.com/image/upload/assets/players/thumbnail/profile_male.jpg,India,https://img.bwfbadminton.com/image/upload/assets/flag-circle-svg-custom/IND.png,2003-07-08,21,,37.0,0,58,63,36,7,7,56203,Aaron CHIA,https://img.bwfbadminton.com/image/upload/v1627949889/assets/players/thumbnail/56203.jpg,Malaysia,https://img.bwfbadminton.com/image/upload/assets/flag-circle-svg-custom/MAS.png,1997-02-24,28.0,168.0,99389,Wooi Yik SOH,https://img.bwfbadminton.com/image/upload/v1627949962/assets/players/thumbnail/99389.jpg,Malaysia,https://img.bwfbadminton.com/image/upload/assets/flag-circle-svg-custom/MAS.png,1998-02-17,27.0,185.0,2.0,2,84,256,130,27,8
69560,Hariharan AMSAKARUNAN,https://img.bwfbadminton.com/image/upload/assets/players/thumbnail/profile_male.jpg,India,https://img.bwfbadminton.com/image/upload/assets/flag-circle-svg-custom/IND.png,2003-05-18,22,,98187,Ruban Kumar RETHINASABAPATHI,https://img.bwfbadminton.com/image/upload/assets/players/thumbnail/profile_male.jpg,India,https://img.bwfbadminton.com/image/upload/assets/flag-circle-svg-custom/IND.png,2003-07-08,21,,37.0,2,84,63,36,7,7,58904,Madhuka DULANJANA,https://img.bwfbadminton.com/image/upload/assets/players/thumbnail/profile_male.jpg,Sri Lanka,https://img.bwfbadminton.com/image/upload/assets/flag-circle-svg-custom/SRI.png,1998-08-08,26.0,,92369,Lahiru WEERASINGHE,https://img.bwfbadminton.com/image/upload/assets/players/thumbnail/profile_male.jpg,Sri Lanka,https://img.bwfbadminton.com/image/upload/assets/flag-circle-svg-custom/SRI.png,1992-02-26,33.0,,171.0,0,30,4,15,1,2
69560,Hariharan AMSAKARUNAN,https://img.bwfbadminton.com/image/upload/assets/players/thumbnail/profile_male.jpg,India,https://img.bwfbadminton.com/image/upload/assets/flag-circle-svg-custom/IND.png,2003-05-18,22,,98187,Ruban Kumar RETHINASABAPATHI,https://img.bwfbadminton.com/image/upload/assets/players/thumbnail/profile_male.jpg,India,https://img.bwfbadminton.com/image/upload/assets/flag-circle-svg-custom/IND.png,2003-07-08,21,,37.0,0,58,63,36,7,7,88829,Ching Heng SU,https://img.bwfbadminton.com/image/upload/v1658730433/assets/players/thumbnail/88829.jpg,Chinese Taipei,https://img.bwfbadminton.com/image/upload/assets/flag-circle-svg-custom/TPE.png,1992-11-10,32.0,168.0,99841,Guan Xun WU,https://img.bwfbadminton.com/image/upload/assets/players/thumbnail/profile_male.jpg,Chinese Taipei,https://img.bwfbadminton.com/image/upload/assets/flag-circle-svg-custom/TPE.png,2002-05-29,23.0,,139.0,1,62,11,3,11,3
69560,Hariharan AMSAKARUNAN,https://img.bwfbadminton.com/image/upload/assets/players/thumbnail/profile_male.jpg,India,https://img.bwfbadminton.com/image/upload/assets/flag-circle-svg-custom/IND.png,2003-05-18,22,,98187,Ruban Kumar RETHINASABAPATHI,https://img.bwfbadminton.com/image/upload/assets/players/thumbnail/profile_male.jpg,India,https://img.bwfbadminton.com/image/upload/assets/flag-circle-svg-custom/IND.png,2003-07-08,21,,37.0,1,42,63,36,7,7,84731,Pannawat JAMTUBTIM,https://img.bwfbadminton.com/image/upload/assets/players/thumbnail/profile_male.jpg,Thailand,https://img.bwfbadminton.com/image/upload/assets/flag-circle-svg-custom/THA.png,2007-03-07,18.0,,92576,Ratchapol MAKKASASITHORN,https://img.bwfbadminton.com/image/upload/v1604897793/assets/players/thumbnail/92576.jpg,Thailand,https://img.bwfbadminton.com/image/upload/assets/flag-circle-svg-custom/THA.png,2001-12-01,23.0,,536.0,0,30,0,1,0,1
69560,Hariharan AMSAKARUNAN,https://img.bwfbadminton.com/image/upload/assets/players/thumbnail/profile_male.jpg,India,https://img.bwfbadminton.com/image/upload/assets/flag-circle-svg-custom/IND.png,2003-05-18,22,,98187,Ruban Kumar RETHINASABAPATHI,https://img.bwfbadminton.com/image/upload/assets/players/thumbnail/profile_male.jpg,India,https://img.bwfbadminton.com/image/upload/assets/flag-circle-svg-custom/IND.png,2003-07-08,21,,37.0,1,42,63,36,7,7,93283,SANJAI SRIVATSA DHANRAJ,https://img.bwfbadminton.com/image/upload/assets/players/thumbnail/profile_male.jpg,India,https://img.bwfbadminton.com/image/upload/assets/flag-circle-svg-custom/IND.png,1999-04-17,26.0,,69148,Sai Pavan KARRI,https://img.bwfbadminton.com/image/upload/assets/players/thumbnail/profile_male.jpg,India,https://img.bwfbadminton.com/image/upload/assets/flag-circle-svg-custom/IND.png,2000-06-16,25.0,,241.0,0,18,8,19,0,0
69560,Hariharan AMSAKARUNAN,https://img.bwfbadminton.com/image/upload/assets/players/thumbnail/profile_male.jpg,India,https://img.bwfbadminton.com/image/upload/assets/flag-circle-svg-custom/IND.png,2003-05-18,22,,98187,Ruban Kumar RETHINASABAPATHI,https://img.bwfbadminton.com/image/upload/assets/players/thumbnail/profile_male.jpg,India,https://img.bwfbadminton.com/image/upload/assets/flag-circle-svg-custom/IND.png,2003-07-08,21,,37.0,1,42,63,36,7,7,73913,Dingku Singh KONTHOUJAM,https://img.bwfbadminton.com/image/upload/assets/players/thumbnail/profile_male.jpg,India,https://img.bwfbadminton.com/image/upload/assets/flag-circle-svg-custom/IND.png,2001-03-28,24.0,,73760,Amaan MOHAMMAD,https://img.bwfbadminton.com/image/upload/assets/players/thumbnail/profile_male.jpg,India,https://img.bwfbadminton.com/image/upload/assets/flag-circle-svg-custom/IND.png,2002-04-14,23.0,,82.0,0,31,19,14,7,2
69560,Hariharan AMSAKARUNAN,https://img.bwfbadminton.com/image/upload/assets/players/thumbnail/profile_male.jpg,India,https://img.bwfbadminton.com/image/upload/assets/flag-circle-svg-custom/IND.png,2003-05-18,22,,98187,Ruban Kumar RETHINASABAPATHI,https://img.bwfbadminton.com/image/upload/assets/players/thumbnail/profile_male.jpg,India,https://img.bwfbadminton.com/image/upload/assets/flag-circle-svg-custom/IND.png,2003-07-08,21,,37.0,1,42,63,36,7,7,98216,Chayanit JOSHI,https://img.bwfbadminton.com/image/upload/assets/players/thumbnail/profile_male.jpg,India,https://img.bwfbadminton.com/image/upload/assets/flag-circle-svg-custom/IND.png,2003-05-10,22.0,,70149,Mayank RANA,https://img.bwfbadminton.com/image/upload/assets/players/thumbnail/profile_male.jpg,India,https://img.bwfbadminton.com/image/upload/assets/flag-circle-svg-custom/IND.png,2006-04-02,19.0,,113.0,0,26,10,11,0,2
69560,Hariharan AMSAKARUNAN,https://img.bwfbadminton.com/image/upload/assets/players/thumbnail/profile_male.jpg,India,https://img.bwfbadminton.com/image/upload/assets/flag-circle-svg-custom/IND.png,2003-05-18,22,,98187,Ruban Kumar RETHINASABAPATHI,https://img.bwfbadminton.com/image/upload/assets/players/thumbnail/profile_male.jpg,India,https://img.bwfbadminton.com/image/upload/assets/flag-circle-svg-custom/IND.png,2003-07-08,21,,37.0,1,79,63,36,7,7,77156,Pruthvi KRISHNAMURTHY ROY,https://img.bwfbadminton.com/image/upload/assets/players/thumbnail/profile_male.jpg,India,https://img.bwfbadminton.com/image/upload/assets/flag-circle-svg-custom/IND.png,2002-07-13,22.0,,77389,Sai PRATHEEK.K,https://img.bwfbadminton.com/image/upload/assets/players/thumbnail/profile_male.jpg,India,https://img.bwfbadminton.com/image/upload/assets/flag-circle-svg-custom/IND.png,2000-05-03,25.0,180.0,40.0,1,69,18,11,4,7
69560,Hariharan AMSAKARUNAN,https://img.bwfbadminton.com/image/upload/assets/players/thumbnail/profile_male.jpg,India,https://img.bwfbadminton.com/image/upload/assets/flag-circle-svg-custom/IND.png,2003-05-18,22,,98187,Ruban Kumar RETHINASABAPATHI,https://img.bwfbadminton.com/image/upload/assets/players/thumbnail/profile_male.jpg,India,https://img.bwfbadminton.com/image/upload/assets/flag-circle-svg-custom/IND.png,2003-07-08,21,,37.0,1,42,63,36,7,7,85332,Ganesh Kumar ARUMUGAM,https://img.bwfbadminton.com/image/upload/assets/players/thumbnail/profile_male.jpg,India,https://img.bwfbadminton.com/image/upload/assets/flag-circle-svg-custom/IND.png,1997-08-18,27.0,,71163,Arjunkrishnan RAJARAM,https://img.bwfbadminton.com/image/upload/assets/players/thumbnail/profile_male.jpg,India,https://img.bwfbadminton.com/image/upload/assets/flag-circle-svg-custom/IND.png,1996-07-20,28.0,,279.0,0,34,7,3,0,0
69560,Hariharan AMSAKARUNAN,https://img.bwfbadminton.com/image/upload/assets/players/thumbnail/profile_male.jpg,India,https://img.bwfbadminton.com/image/upload/assets/flag-circle-svg-custom/IND.png,2003-05-18,22,,98187,Ruban Kumar RETHINASABAPATHI,https://img.bwfbadminton.com/image/upload/assets/players/thumbnail/profile_male.jpg,India,https://img.bwfbadminton.com/image/upload/assets/flag-circle-svg-custom/IND.png,2003-07-08,21,,37.0,1,42,63,36,7,7,58201,Achutaditya Rao DODDAVARAPU,https://img.bwfbadminton.com/image/upload/assets/players/thumbnail/profile_male.jpg,India,https://img.bwfbadminton.com/image/upload/assets/flag-circle-svg-custom/IND.png,2002-01-19,23.0,,96119,SIDDARTH ELANGO,https://img.bwfbadminton.com/image/upload/assets/players/thumbnail/profile_male.jpg,India,https://img.bwfbadminton.com/image/upload/assets/flag-circle-svg-custom/IND.png,1999-07-20,25.0,,253.0,0,25,0,4,0,0
69560,Hariharan AMSAKARUNAN,https://img.bwfbadminton.com/image/upload/assets/players/thumbnail/profile_male.jpg,India,https://img.bwfbadminton.com/image/upload/assets/flag-circle-svg-custom/IND.png,2003-05-18,22,,98187,Ruban Kumar RETHINASABAPATHI,https://img.bwfbadminton.com/image/upload/assets/players/thumbnail/profile_male.jpg,India,https://img.bwfbadminton.com/image/upload/assets/flag-circle-svg-custom/IND.png,2003-07-08,21,,37.0,1,42,63,36,7,7,64005,Deep RAMBHIYA,https://img.bwfbadminton.com/image/upload/assets/players/thumbnail/profile_male.jpg,India,https://img.bwfbadminton.com/image/upload/assets/flag-circle-svg-custom/IND.png,1999-03-17,26.0,,68530,Pratik RANADE,https://img.bwfbadminton.com/image/upload/assets/players/thumbnail/profile_male.jpg,India,https://img.bwfbadminton.com/image/upload/assets/flag-circle-svg-custom/IND.png,1999-11-19,25.0,,292.0,0,29,4,3,0,0
69560,Hariharan AMSAKARUNAN,https://img.bwfbadminton.com/image/upload/assets/players/thumbnail/profile_male.jpg,India,https://img.bwfbadminton.com/image/upload/assets/flag-circle-svg-custom/IND.png,2003-05-18,22,,98187,Ruban Kumar RETHINASABAPATHI,https://img.bwfbadminton.com/image/upload/assets/players/thumbnail/profile_male.jpg,India,https://img.bwfbadminton.com/image/upload/assets/flag-circle-svg-custom/IND.png,2003-07-08,21,,37.0,2,103,63,36,7,7,68809,Ayush AGARWAL,https://img.bwfbadminton.com/image/upload/assets/players/thumbnail/profile_male.jpg,India,https://img.bwfbadminton.com/image/upload/assets/flag-circle-svg-custom/IND.png,2003-05-24,22.0,,87422,Nitin KUMAR,https://img.bwfbadminton.com/image/upload/assets/players/thumbnail/profile_male.jpg,India,https://img.bwfbadminton.com/image/upload/assets/flag-circle-svg-custom/IND.png,2002-01-04,23.0,,271.0,0,67,3,7,0,0
69560,Hariharan AMSAKARUNAN,https://img.bwfbadminton.com/image/upload/assets/players/thumbnail/profile_male.jpg,India,https://img.bwfbadminton.com/image/upload/assets/flag-circle-svg-custom/IND.png,2003-05-18,22,,98187,Ruban Kumar RETHINASABAPATHI,https://img.bwfbadminton.com/image/upload/assets/players/thumbnail/profile_male.jpg,India,https://img.bwfbadminton.com/image/upload/assets/flag-circle-svg-custom/IND.png,2003-07-08,21,,37.0,1,42,63,36,7,7,67367,Abinash MOHANTY,https://img.bwfbadminton.com/image/upload/assets/players/thumbnail/profile_male.jpg,India,https://img.bwfbadminton.com/image/upload/assets/flag-circle-svg-custom/IND.png,2002-01-19,23.0,,74637,Ayush PATTANAYAK,https://img.bwfbadminton.com/image/upload/assets/players/thumbnail/profile_male.jpg,India,https://img.bwfbadminton.com/image/upload/assets/flag-circle-svg-custom/IND.png,2003-03-14,22.0,,95.0,0,30,12,16,1,4
71612,Treesa JOLLY,https://img.bwfbadminton.com/image/upload/v1648717096/assets/players/thumbnail/71612.jpg,India,https://img.bwfbadminton.com/image/upload/assets/flag-circle-svg-custom/IND.png,2003-05-27,22,176.0,59966,GAYATRI GOPICHAND PULLELA,https://img.bwfbadminton.com/image/upload/v1604896462/assets/players/thumbnail/59966.jpg,India,https://img.bwfbadminton.com/image/upload/assets/flag-circle-svg-custom/IND.png,2003-03-04,22,155.0,11.0,0,34,96,66,10,8,84159,Rui HIROKAMI,https://img.bwfbadminton.com/image/upload/v1658500458/assets/players/thumbnail/84159.jpg,Japan,https://img.bwfbadminton.com/image/upload/assets/flag-circle-svg-custom/JPN.png,2002-07-26,22.0,,59014,Sayaka HOBARA,https://img.bwfbadminton.com/image/upload/v1658731272/assets/players/thumbnail/59014.jpg,Japan,https://img.bwfbadminton.com/image/upload/assets/flag-circle-svg-custom/JPN.png,1998-07-30,26.0,,124.0,1,43,8,2,8,2
71612,Treesa JOLLY,https://img.bwfbadminton.com/image/upload/v1648717096/assets/players/thumbnail/71612.jpg,India,https://img.bwfbadminton.com/image/upload/assets/flag-circle-svg-custom/IND.png,2003-05-27,22,176.0,59966,GAYATRI GOPICHAND PULLELA,https://img.bwfbadminton.com/image/upload/v1604896462/assets/players/thumbnail/59966.jpg,India,https://img.bwfbadminton.com/image/upload/assets/flag-circle-svg-custom/IND.png,2003-03-04,22,155.0,11.0,1,42,96,66,10,8,80386,Xin Yee ONG,https://img.bwfbadminton.com/image/upload/assets/players/thumbnail/profile_female.jpg,Malaysia,https://img.bwfbadminton.com/image/upload/assets/flag-circle-svg-custom/MAS.png,2006-10-23,18.0,,60219,Carmen TING,https://img.bwfbadminton.com/image/upload/assets/players/thumbnail/profile_female.jpg,Malaysia,https://img.bwfbadminton.com/image/upload/assets/flag-circle-svg-custom/MAS.png,2006-06-08,19.0,,42.0,0,28,17,18,7,10
71612,Treesa JOLLY,https://img.bwfbadminton.com/image/upload/v1648717096/assets/players/thumbnail/71612.jpg,India,https://img.bwfbadminton.com/image/upload/assets/flag-circle-svg-custom/IND.png,2003-05-27,22,176.0,59966,GAYATRI GOPICHAND PULLELA,https://img.bwfbadminton.com/image/upload/v1604896462/assets/players/thumbnail/59966.jpg,India,https://img.bwfbadminton.com/image/upload/assets/flag-circle-svg-custom/IND.png,2003-03-04,22,155.0,11.0,1,254,96,66,10,8,81599,Sheng Shu LIU,https://img.bwfbadminton.com/image/upload/v1667177004/assets/players/thumbnail/81599.jpg,China,https://img.bwfbadminton.com/image/upload/assets/flag-circle-svg-custom/CHN.png,2004-04-08,21.0,176.0,59880,Ning TAN,https://img.bwfbadminton.com/image/upload/v1690355943/assets/players/thumbnail/59880.jpg,China,https://img.bwfbadminton.com/image/upload/assets/flag-circle-svg-custom/CHN.png,2003-04-03,22.0,170.0,1.0,6,347,149,32,32,5
71612,Treesa JOLLY,https://img.bwfbadminton.com/image/upload/v1648717096/assets/players/thumbnail/71612.jpg,India,https://img.bwfbadminton.com/image/upload/assets/flag-circle-svg-custom/IND.png,2003-05-27,22,176.0,59966,GAYATRI GOPICHAND PULLELA,https://img.bwfbadminton.com/image/upload/v1604896462/assets/players/thumbnail/59966.jpg,India,https://img.bwfbadminton.com/image/upload/assets/flag-circle-svg-custom/IND.png,2003-03-04,22,155.0,11.0,2,138,96,66,10,8,68015,Nga Ting YEUNG,https://img.bwfbadminton.com/image/upload/v1604895439/assets/players/thumbnail/68015.jpg,Hong Kong China,https://img.bwfbadminton.com/image/upload/assets/flag-circle-svg-custom/HKG.png,1998-10-13,26.0,166.0,75864,Pui Lam YEUNG,https://img.bwfbadminton.com/image/upload/v1690356623/assets/players/thumbnail/75864.jpg,Hong Kong China,https://img.bwfbadminton.com/image/upload/assets/flag-circle-svg-custom/HKG.png,2001-10-26,23.0,163.0,13.0,1,125,70,69,9,11
71612,Treesa JOLLY,https://img.bwfbadminton.com/image/upload/v1648717096/assets/players/thumbnail/71612.jpg,India,https://img.bwfbadminton.com/image/upload/assets/flag-circle-svg-custom/IND.png,2003-05-27,22,176.0,59966,GAYATRI GOPICHAND PULLELA,https://img.bwfbadminton.com/image/upload/v1604896462/assets/players/thumbnail/59966.jpg,India,https://img.bwfbadminton.com/image/upload/assets/flag-circle-svg-custom/IND.png,2003-03-04,22,155.0,11.0,1,42,96,66,10,8,73268,Selin HÜBSCH,https://img.bwfbadminton.com/image/upload/assets/players/thumbnail/profile_female.jpg,Germany,https://img.bwfbadminton.com/image/upload/assets/flag-circle-svg-custom/GER.png,2005-05-01,20.0,,93784,Amelie LEHMANN,https://img.bwfbadminton.com/image/upload/assets/players/thumbnail/profile_female.jpg,Germany,https://img.bwfbadminton.com/image/upload/assets/flag-circle-svg-custom/GER.png,2005-02-16,20.0,,89.0,0,20,14,17,8,8
71612,Treesa JOLLY,https://img.bwfbadminton.com/image/upload/v1648717096/assets/players/thumbnail/71612.jpg,India,https://img.bwfbadminton.com/image/upload/assets/flag-circle-svg-custom/IND.png,2003-05-27,22,176.0,59966,GAYATRI GOPICHAND PULLELA,https://img.bwfbadminton.com/image/upload/v1604896462/assets/players/thumbnail/59966.jpg,India,https://img.bwfbadminton.com/image/upload/assets/flag-circle-svg-custom/IND.png,2003-03-04,22,155.0,11.0,1,42,96,66,10,8,65121,Aline MÜLLER,https://img.bwfbadminton.com/image/upload/assets/players/thumbnail/profile_female.jpg,Switzerland,https://img.bwfbadminton.com/image/upload/assets/flag-circle-svg-custom/SUI.png,1999-07-17,25.0,,96301,Kelly VAN BUITEN,https://img.bwfbadminton.com/image/upload/assets/players/thumbnail/profile_female.jpg,Netherlands,https://img.bwfbadminton.com/image/upload/assets/flag-circle-svg-custom/NED.png,2002-04-15,23.0,,292.0,0,33,1,3,0,2
71612,Treesa JOLLY,https://img.bwfbadminton.com/image/upload/v1648717096/assets/players/thumbnail/71612.jpg,India,https://img.bwfbadminton.com/image/upload/assets/flag-circle-svg-custom/IND.png,2003-05-27,22,176.0,59966,GAYATRI GOPICHAND PULLELA,https://img.bwfbadminton.com/image/upload/v1604896462/assets/players/thumbnail/59966.jpg,India,https://img.bwfbadminton.com/image/upload/assets/flag-circle-svg-custom/IND.png,2003-03-04,22,155.0,11.0,1,57,96,66,10,8,83419,Hye Jeong KIM,https://img.bwfbadminton.com/image/upload/v1657778970/assets/players/thumbnail/83419.jpg,Korea,https://img.bwfbadminton.com/image/upload/assets/flag-circle-svg-custom/KOR.png,1998-01-03,27.0,162.0,71391,Hee Yong KONG,https://img.bwfbadminton.com/image/upload/v1658733080/assets/players/thumbnail/71391.jpg,Korea,https://img.bwfbadminton.com/image/upload/assets/flag-circle-svg-custom/KOR.png,1996-12-11,28.0,166.0,7.0,0,57,51,17,25,5
71612,Treesa JOLLY,https://img.bwfbadminton.com/image/upload/v1648717096/assets/players/thumbnail/71612.jpg,India,https://img.bwfbadminton.com/image/upload/assets/flag-circle-svg-custom/IND.png,2003-05-27,22,176.0,59966,GAYATRI GOPICHAND PULLELA,https://img.bwfbadminton.com/image/upload/v1604896462/assets/players/thumbnail/59966.jpg,India,https://img.bwfbadminton.com/image/upload/assets/flag-circle-svg-custom/IND.png,2003-03-04,22,155.0,11.0,1,96,96,66,10,8,88807,Shuo Yun SUNG,https://img.bwfbadminton.com/image/upload/v1658730956/assets/players/thumbnail/88807.jpg,Chinese Taipei,https://img.bwfbadminton.com/image/upload/assets/flag-circle-svg-custom/TPE.png,1997-06-15,28.0,165.0,75154,Chien Hui YU,https://img.bwfbadminton.com/image/upload/v1634279904/assets/players/thumbnail/75154.jpg,Chinese Taipei,https://img.bwfbadminton.com/image/upload/assets/flag-circle-svg-custom/TPE.png,1995-05-08,30.0,,15.0,1,92,57,48,3,11
71612,Treesa JOLLY,https://img.bwfbadminton.com/image/upload/v1648717096/assets/players/thumbnail/71612.jpg,India,https://img.bwfbadminton.com/image/upload/assets/flag-circle-svg-custom/IND.png,2003-05-27,22,176.0,59966,GAYATRI GOPICHAND PULLELA,https://img.bwfbadminton.com/image/upload/v1604896462/assets/players/thumbnail/59966.jpg,India,https://img.bwfbadminton.com/image/upload/assets/flag-circle-svg-custom/IND.png,2003-03-04,22,155.0,11.0,1,42,96,66,10,8,95068,Weng Chi NG,https://img.bwfbadminton.com/image/upload/assets/players/thumbnail/profile_female.jpg,Macau China,https://img.bwfbadminton.com/image/upload/assets/flag-circle-svg-custom/MAC.png,1998-03-31,27.0,,73164,Chi Wa PUI,https://img.bwfbadminton.com/image/upload/assets/players/thumbnail/profile_female.jpg,Macau China,https://img.bwfbadminton.com/image/upload/assets/flag-circle-svg-custom/MAC.png,2005-02-01,20.0,,201.0,0,15,2,14,0,5
71612,Treesa JOLLY,https://img.bwfbadminton.com/image/upload/v1648717096/assets/players/thumbnail/71612.jpg,India,https://img.bwfbadminton.com/image/upload/assets/flag-circle-svg-custom/IND.png,2003-05-27,22,176.0,59966,GAYATRI GOPICHAND PULLELA,https://img.bwfbadminton.com/image/upload/v1604896462/assets/players/thumbnail/59966.jpg,India,https://img.bwfbadminton.com/image/upload/assets/flag-circle-svg-custom/IND.png,2003-03-04,22,155.0,11.0,0,40,96,66,10,8,79558,Arisa IGARASHI,https://img.bwfbadminton.com/image/upload/v1627952966/assets/players/thumbnail/79558.jpg,Japan,https://img.bwfbadminton.com/image/upload/assets/flag-circle-svg-custom/JPN.png,1996-08-01,28.0,160.0,83211,Ayako SAKURAMOTO,https://img.bwfbadminton.com/image/upload/v1604896000/assets/players/thumbnail/83211.jpg,Japan,https://img.bwfbadminton.com/image/upload/assets/flag-circle-svg-custom/JPN.png,1995-08-19,29.0,166.0,51.0,1,44,9,3,6,1
71612,Treesa JOLLY,https://img.bwfbadminton.com/image/upload/v1648717096/assets/players/thumbnail/71612.jpg,India,https://img.bwfbadminton.com/image/upload/assets/flag-circle-svg-custom/IND.png,2003-05-27,22,176.0,59966,GAYATRI GOPICHAND PULLELA,https://img.bwfbadminton.com/image/upload/v1604896462/assets/players/thumbnail/59966.jpg,India,https://img.bwfbadminton.com/image/upload/assets/flag-circle-svg-custom/IND.png,2003-03-04,22,155.0,11.0,0,76,96,66,10,8,65144,Yi Fan JIA,https://img.bwfbadminton.com/image/upload/v1657779441/assets/players/thumbnail/65144.jpg,China,https://img.bwfbadminton.com/image/upload/assets/flag-circle-svg-custom/CHN.png,1997-06-29,27.0,170.0,85914,Shu Xian ZHANG,https://img.bwfbadminton.com/image/upload/v1658132716/assets/players/thumbnail/85914.jpg,China,https://img.bwfbadminton.com/image/upload/assets/flag-circle-svg-custom/CHN.png,2000-01-02,25.0,169.0,9.0,2,99,31,10,27,8
71612,Treesa JOLLY,https://img.bwfbadminton.com/image/upload/v1648717096/assets/players/thumbnail/71612.jpg,India,https://img.bwfbadminton.com/image/upload/assets/flag-circle-svg-custom/IND.png,2003-05-27,22,176.0,59966,GAYATRI GOPICHAND PULLELA,https://img.bwfbadminton.com/image/upload/v1604896462/assets/players/thumbnail/59966.jpg,India,https://img.bwfbadminton.com/image/upload/assets/flag-circle-svg-custom/IND.png,2003-03-04,22,155.0,11.0,1,42,96,66,10,8,99988,Ornnicha JONGSATHAPORNPARN,https://img.bwfbadminton.com/image/upload/assets/players/thumbnail/profile_female.jpg,Thailand,https://img.bwfbadminton.com/image/upload/assets/flag-circle-svg-custom/THA.png,1999-07-15,25.0,,60245,Sukitta SUWACHAI,https://img.bwfbadminton.com/image/upload/assets/players/thumbnail/profile_female.jpg,Thailand,https://img.bwfbadminton.com/image/upload/assets/flag-circle-svg-custom/THA.png,2007-11-02,17.0,,29.0,0,20,6,21,3,10
71612,Treesa JOLLY,https://img.bwfbadminton.com/image/upload/v1648717096/assets/players/thumbnail/71612.jpg,India,https://img.bwfbadminton.com/image/upload/assets/flag-circle-svg-custom/IND.png,2003-05-27,22,176.0,59966,GAYATRI GOPICHAND PULLELA,https://img.bwfbadminton.com/image/upload/v1604896462/assets/players/thumbnail/59966.jpg,India,https://img.bwfbadminton.com/image/upload/assets/flag-circle-svg-custom/IND.png,2003-03-04,22,155.0,11.0,2,284,96,66,10,8,85551,Pearly TAN,https://img.bwfbadminton.com/image/upload/v1657779588/assets/players/thumbnail/85551.jpg,Malaysia,https://img.bwfbadminton.com/image/upload/assets/flag-circle-svg-custom/MAS.png,2000-03-14,25.0,164.0,68628,Muralitharan THINAAH,https://img.bwfbadminton.com/image/upload/v1634281515/assets/players/thumbnail/68628.jpg,Malaysia,https://img.bwfbadminton.com/image/upload/assets/flag-circle-svg-custom/MAS.png,1998-01-03,27.0,164.0,3.0,6,345,159,93,26,10
71612,Treesa JOLLY,https://img.bwfbadminton.com/image/upload/v1648717096/assets/players/thumbnail/71612.jpg,India,https://img.bwfbadminton.com/image/upload/assets/flag-circle-svg-custom/IND.png,2003-05-27,22,176.0,59966,GAYATRI GOPICHAND PULLELA,https://img.bwfbadminton.com/image/upload/v1604896462/assets/players/thumbnail/59966.jpg,India,https://img.bwfbadminton.com/image/upload/assets/flag-circle-svg-custom/IND.png,2003-03-04,22,155.0,11.0,2,173,96,66,10,8,80871,Benyapa AIMSAARD,https://img.bwfbadminton.com/image/upload/v1620708349/assets/players/thumbnail/80871.tif,Thailand,https://img.bwfbadminton.com/image/upload/assets/flag-circle-svg-custom/THA.png,2002-08-29,22.0,175.0,79198,Nuntakarn AIMSAARD,https://img.bwfbadminton.com/image/upload/v1620708562/assets/players/thumbnail/79198.tif,Thailand,https://img.bwfbadminton.com/image/upload/assets/flag-circle-svg-custom/THA.png,1999-05-23,26.0,170.0,22.0,1,163,123,89,10,8
71612,Treesa JOLLY,https://img.bwfbadminton.com/image/upload/v1654675678/assets/players/thumbnail/97171.jpg,India,https://img.bwfbadminton.com/image/upload/assets/flag-circle-svg-custom/IND.png,2003-05-27,22,176.0,59966,GAYATRI GOPICHAND PULLELA,https://img.bwfbadminton.com/image/upload/v1654675649/assets/players/thumbnail/77808.jpg,India,https://img.bwfbadminton.com/image/upload/assets/flag-circle-svg-custom/IND.png,2003-03-04,22,155.0,11.0,2,101,96,66,10,8,97171,Ashwini BHAT K.,https://img.bwfbadminton.com/image/upload/v1648717096/assets/players/thumbnail/71612.jpg,India,https://img.bwfbadminton.com/image/upload/assets/flag-circle-svg-custom/IND.png,2000-01-10,25.0,,77808,Shikha GAUTAM,https://img.bwfbadminton.com/image/upload/v1604896462/assets/players/thumbnail/59966.jpg,India,https://img.bwfbadminton.com/image/upload/assets/flag-circle-svg-custom/IND.png,1998-04-18,27.0,,85.0,0,67,53,50,3,2
71612,Treesa JOLLY,https://img.bwfbadminton.com/image/upload/v1648717096/assets/players/thumbnail/71612.jpg,India,https://img.bwfbadminton.com/image/upload/assets/flag-circle-svg-custom/IND.png,2003-05-27,22,176.0,59966,GAYATRI GOPICHAND PULLELA,https://img.bwfbadminton.com/image/upload/v1604896462/assets/players/thumbnail/59966.jpg,India,https://img.bwfbadminton.com/image/upload/assets/flag-circle-svg-custom/IND.png,2003-03-04,22,155.0,11.0,2,134,96,66,10,8,96973,Yin-Hui HSU,https://img.bwfbadminton.com/image/upload/v1690356124/assets/players/thumbnail/96973.jpg,Chinese Taipei,https://img.bwfbadminton.com/image/upload/assets/flag-circle-svg-custom/TPE.png,2003-03-18,22.0,,69009,Jhih Yun LIN,https://img.bwfbadminton.com/image/upload/assets/players/thumbnail/profile_female.jpg,Chinese Taipei,https://img.bwfbadminton.com/image/upload/assets/flag-circle-svg-custom/TPE.png,1999-09-13,25.0,,16.0,1,116,49,38,10,12
71612,Treesa JOLLY,https://img.bwfbadminton.com/image/upload/v1648717096/assets/players/thumbnail/71612.jpg,India,https://img.bwfbadminton.com/image/upload/assets/flag-circle-svg-custom/IND.png,2003-05-27,22,176.0,59966,GAYATRI GOPICHAND PULLELA,https://img.bwfbadminton.com/image/upload/v1604896462/assets/players/thumbnail/59966.jpg,India,https://img.bwfbadminton.com/image/upload/assets/flag-circle-svg-custom/IND.png,2003-03-04,22,155.0,11.0,1,214,96,66,10,8,95062,Pei Shan HSIEH,https://img.bwfbadminton.com/image/upload/v1696987227/assets/players/thumbnail/95062.jpg,Chinese Taipei,https://img.bwfbadminton.com/image/upload/assets/flag-circle-svg-custom/TPE.png,1997-11-22,27.0,,62639,En-Tzu HUNG,https://img.bwfbadminton.com/image/upload/v1696987097/assets/players/thumbnail/62639.jpg,Chinese Taipei,https://img.bwfbadminton.com/image/upload/assets/flag-circle-svg-custom/TPE.png,2001-07-06,23.0,,12.0,3,228,31,22,13,10
71612,Treesa JOLLY,https://img.bwfbadminton.com/image/upload/v1648717096/assets/players/thumbnail/71612.jpg,India,https://img.bwfbadminton.com/image/upload/assets/flag-circle-svg-custom/IND.png,2003-05-27,22,176.0,59966,GAYATRI GOPICHAND PULLELA,https://img.bwfbadminton.com/image/upload/v1604896462/assets/players/thumbnail/59966.jpg,India,https://img.bwfbadminton.com/image/upload/assets/flag-circle-svg-custom/IND.png,2003-03-04,22,155.0,11.0,1,43,96,66,10,8,85808,Chih-Chun LIN,https://img.bwfbadminton.com/image/upload/assets/players/thumbnail/profile_female.jpg,Chinese Taipei,https://img.bwfbadminton.com/image/upload/assets/flag-circle-svg-custom/TPE.png,2003-11-08,21.0,,80299,Chun Hsun TENG,https://img.bwfbadminton.com/image/upload/v1690356333/assets/players/thumbnail/80299.jpg,Chinese Taipei,https://img.bwfbadminton.com/image/upload/assets/flag-circle-svg-custom/TPE.png,2000-09-27,24.0,174.0,127.0,0,31,8,5,0,0
71612,Treesa JOLLY,https://img.bwfbadminton.com/image/upload/v1648717096/assets/players/thumbnail/71612.jpg,India,https://img.bwfbadminton.com/image/upload/assets/flag-circle-svg-custom/IND.png,2003-05-27,22,176.0,59966,GAYATRI GOPICHAND PULLELA,https://img.bwfbadminton.com/image/upload/v1604896462/assets/players/thumbnail/59966.jpg,India,https://img.bwfbadminton.com/image/upload/assets/flag-circle-svg-custom/IND.png,2003-03-04,22,155.0,11.0,1,57,96,66,10,8,91600,Akari SATO,https://img.bwfbadminton.com/image/upload/assets/players/thumbnail/profile_female.jpg,Japan,https://img.bwfbadminton.com/image/upload/assets/flag-circle-svg-custom/JPN.png,2001-03-31,24.0,,60335,Maya TAGUCHI,https://img.bwfbadminton.com/image/upload/v1696906156/assets/players/thumbnail/60335.jpg,Japan,https://img.bwfbadminton.com/image/upload/assets/flag-circle-svg-custom/JPN.png,2005-10-09,19.0,,217.0,0,51,7,5,0,0
71612,Treesa JOLLY,https://img.bwfbadminton.com/image/upload/v1648717096/assets/players/thumbnail/71612.jpg,India,https://img.bwfbadminton.com/image/upload/assets/flag-circle-svg-custom/IND.png,2003-05-27,22,176.0,59966,GAYATRI GOPICHAND PULLELA,https://img.bwfbadminton.com/image/upload/v1604896462/assets/players/thumbnail/59966.jpg,India,https://img.bwfbadminton.com/image/upload/assets/flag-circle-svg-custom/IND.png,2003-03-04,22,155.0,11.0,0,89,96,66,10,8,81609,Mayu MATSUMOTO,https://img.bwfbadminton.com/image/upload/v1658132498/assets/players/thumbnail/81609.jpg,Japan,https://img.bwfbadminton.com/image/upload/assets/flag-circle-svg-custom/JPN.png,1995-08-07,29.0,177.0,77832,Wakana NAGAHARA,https://img.bwfbadminton.com/image/upload/v1697437149/assets/players/thumbnail/77832.jpg,Japan,https://img.bwfbadminton.com/image/upload/assets/flag-circle-svg-custom/JPN.png,1996-01-09,29.0,168.0,,2,104,252,101,0,0
71612,Treesa JOLLY,https://img.bwfbadminton.com/image/upload/v1648717096/assets/players/thumbnail/71612.jpg,India,https://img.bwfbadminton.com/image/upload/assets/flag-circle-svg-custom/IND.png,2003-05-27,22,176.0,59966,GAYATRI GOPICHAND PULLELA,https://img.bwfbadminton.com/image/upload/v1604896462/assets/players/thumbnail/59966.jpg,India,https://img.bwfbadminton.com/image/upload/assets/flag-circle-svg-custom/IND.png,2003-03-04,22,155.0,11.0,2,84,96,66,10,8,67789,Yu-Pei CHENG,https://img.bwfbadminton.com/image/upload/assets/players/thumbnail/profile_female.jpg,Chinese Taipei,https://img.bwfbadminton.com/image/upload/assets/flag-circle-svg-custom/TPE.png,2000-02-29,25.0,,60167,Yu Hsing SUN,https://img.bwfbadminton.com/image/upload/assets/players/thumbnail/profile_female.jpg,Chinese Taipei,https://img.bwfbadminton.com/image/upload/assets/flag-circle-svg-custom/TPE.png,2001-01-22,24.0,,75.0,0,47,13,33,0,1
57372,DHRUV KAPILA,https://img.bwfbadminton.com/image/upload/v1604895867/assets/players/thumbnail/57372.jpg,India,https://img.bwfbadminton.com/image/upload/assets/flag-circle-svg-custom/IND.png,2000-02-01,25,160.0,94165,Tanisha CRASTO,https://img.bwfbadminton.com/image/upload/v1721631181/assets/players/thumbnail/94165.jpg,India,https://img.bwfbadminton.com/image/upload/assets/flag-circle-svg-custom/IND.png,2003-05-05,22,160.0,17.0,0,46,33,20,10,14,91090,Tang Jie CHEN,https://img.bwfbadminton.com/image/upload/v1604896192/assets/players/thumbnail/91090.jpg,Malaysia,https://img.bwfbadminton.com/image/upload/assets/flag-circle-svg-custom/MAS.png,1998-01-05,27.0,180.0,59621,Ee Wei TOH,https://img.bwfbadminton.com/image/upload/v1604896515/assets/players/thumbnail/59621.jpg,Malaysia,https://img.bwfbadminton.com/image/upload/assets/flag-circle-svg-custom/MAS.png,2000-09-18,24.0,161.0,4.0,1,58,116,56,14,9
57372,DHRUV KAPILA,https://img.bwfbadminton.com/image/upload/v1604895867/assets/players/thumbnail/57372.jpg,India,https://img.bwfbadminton.com/image/upload/assets/flag-circle-svg-custom/IND.png,2000-02-01,25,160.0,94165,Tanisha CRASTO,https://img.bwfbadminton.com/image/upload/v1721631181/assets/players/thumbnail/94165.jpg,India,https://img.bwfbadminton.com/image/upload/assets/flag-circle-svg-custom/IND.png,2003-05-05,22,160.0,17.0,0,64,33,20,10,14,58931,Xing CHENG,https://img.bwfbadminton.com/image/upload/v1690356982/assets/players/thumbnail/58931.jpg,China,https://img.bwfbadminton.com/image/upload/assets/flag-circle-svg-custom/CHN.png,2002-05-07,23.0,,88450,Chi ZHANG,https://img.bwfbadminton.com/image/upload/assets/players/thumbnail/profile_female.jpg,China,https://img.bwfbadminton.com/image/upload/assets/flag-circle-svg-custom/CHN.png,2002-04-27,23.0,,11.0,2,85,46,23,12,7
57372,DHRUV KAPILA,https://img.bwfbadminton.com/image/upload/v1604895867/assets/players/thumbnail/57372.jpg,India,https://img.bwfbadminton.com/image/upload/assets/flag-circle-svg-custom/IND.png,2000-02-01,25,160.0,94165,Tanisha CRASTO,https://img.bwfbadminton.com/image/upload/v1721631181/assets/players/thumbnail/94165.jpg,India,https://img.bwfbadminton.com/image/upload/assets/flag-circle-svg-custom/IND.png,2003-05-05,22,160.0,17.0,1,60,33,20,10,14,73323,Julien MAIO,https://img.bwfbadminton.com/image/upload/v1604895508/assets/players/thumbnail/73323.jpg,France,https://img.bwfbadminton.com/image/upload/assets/flag-circle-svg-custom/FRA.png,1994-05-06,31.0,177.0,98329,Lea PALERMO,https://img.bwfbadminton.com/image/upload/v1604895761/assets/players/thumbnail/98329.jpg,France,https://img.bwfbadminton.com/image/upload/assets/flag-circle-svg-custom/FRA.png,1993-07-07,31.0,173.0,41.0,0,53,39,19,4,7
57372,DHRUV KAPILA,https://img.bwfbadminton.com/image/upload/v1604895867/assets/players/thumbnail/57372.jpg,India,https://img.bwfbadminton.com/image/upload/assets/flag-circle-svg-custom/IND.png,2000-02-01,25,160.0,94165,Tanisha CRASTO,https://img.bwfbadminton.com/image/upload/v1721631181/assets/players/thumbnail/94165.jpg,India,https://img.bwfbadminton.com/image/upload/assets/flag-circle-svg-custom/IND.png,2003-05-05,22,160.0,17.0,2,99,33,20,10,14,63571,Adnan MAULANA,https://img.bwfbadminton.com/image/upload/v1604895891/assets/players/thumbnail/63571.jpg,Indonesia,https://img.bwfbadminton.com/image/upload/assets/flag-circle-svg-custom/INA.png,1999-10-23,25.0,,83699,Indah Cahya Sari JAMIL,https://img.bwfbadminton.com/image/upload/v1604896513/assets/players/thumbnail/83699.jpg,Indonesia,https://img.bwfbadminton.com/image/upload/assets/flag-circle-svg-custom/INA.png,2002-03-16,23.0,,27.0,0,85,31,15,8,8
57372,DHRUV KAPILA,https://img.bwfbadminton.com/image/upload/v1604895867/assets/players/thumbnail/57372.jpg,India,https://img.bwfbadminton.com/image/upload/assets/flag-circle-svg-custom/IND.png,2000-02-01,25,160.0,94165,Tanisha CRASTO,https://img.bwfbadminton.com/image/upload/v1721631181/assets/players/thumbnail/94165.jpg,India,https://img.bwfbadminton.com/image/upload/assets/flag-circle-svg-custom/IND.png,2003-05-05,22,160.0,17.0,0,33,33,20,10,14,77689,Chun Man TANG,https://img.bwfbadminton.com/image/upload/v1658733477/assets/players/thumbnail/77689.jpg,Hong Kong China,https://img.bwfbadminton.com/image/upload/assets/flag-circle-svg-custom/HKG.png,1995-03-20,30.0,178.0,61435,Ying Suet TSE,https://img.bwfbadminton.com/image/upload/v1658733507/assets/players/thumbnail/61435.jpg,Hong Kong China,https://img.bwfbadminton.com/image/upload/assets/flag-circle-svg-custom/HKG.png,1991-11-09,33.0,166.0,3.0,1,43,212,121,12,4
57372,DHRUV KAPILA,https://img.bwfbadminton.com/image/upload/v1604895867/assets/players/thumbnail/57372.jpg,India,https://img.bwfbadminton.com/image/upload/assets/flag-circle-svg-custom/IND.png,2000-02-01,25,160.0,94165,Tanisha CRASTO,https://img.bwfbadminton.com/image/upload/v1721631181/assets/players/thumbnail/94165.jpg,India,https://img.bwfbadminton.com/image/upload/assets/flag-circle-svg-custom/IND.png,2003-05-05,22,160.0,17.0,1,112,33,20,10,14,72675,Pang Ron HOO,https://img.bwfbadminton.com/image/upload/v1604897655/assets/players/thumbnail/72675.jpg,Malaysia,https://img.bwfbadminton.com/image/upload/assets/flag-circle-svg-custom/MAS.png,1998-03-29,27.0,178.0,80605,Su Yin CHENG,https://img.bwfbadminton.com/image/upload/v1728426488/assets/players/thumbnail/80605.png,Malaysia,https://img.bwfbadminton.com/image/upload/assets/flag-circle-svg-custom/MAS.png,2003-06-16,22.0,,13.0,1,104,36,24,5,7
57372,DHRUV KAPILA,https://img.bwfbadminton.com/image/upload/v1604895867/assets/players/thumbnail/57372.jpg,India,https://img.bwfbadminton.com/image/upload/assets/flag-circle-svg-custom/IND.png,2000-02-01,25,160.0,94165,Tanisha CRASTO,https://img.bwfbadminton.com/image/upload/v1721631181/assets/players/thumbnail/94165.jpg,India,https://img.bwfbadminton.com/image/upload/assets/flag-circle-svg-custom/IND.png,2003-05-05,22,160.0,17.0,1,42,33,20,10,14,57943,Jia Xuan GAO,https://img.bwfbadminton.com/image/upload/assets/players/thumbnail/profile_male.jpg,China,https://img.bwfbadminton.com/image/upload/assets/flag-circle-svg-custom/CHN.png,2005-03-27,20.0,,91533,Meng Ying WU,https://img.bwfbadminton.com/image/upload/assets/players/thumbnail/profile_female.jpg,China,https://img.bwfbadminton.com/image/upload/assets/flag-circle-svg-custom/CHN.png,2003-03-14,22.0,,45.0,0,31,18,7,18,7
57372,DHRUV KAPILA,https://img.bwfbadminton.com/image/upload/v1690357182/assets/players/thumbnail/60980.jpg,India,https://img.bwfbadminton.com/image/upload/assets/flag-circle-svg-custom/IND.png,2000-02-01,25,160.0,94165,Tanisha CRASTO,https://img.bwfbadminton.com/image/upload/v1604894739/assets/players/thumbnail/69619.jpg,India,https://img.bwfbadminton.com/image/upload/assets/flag-circle-svg-custom/IND.png,2003-05-05,22,160.0,17.0,1,60,33,20,10,14,60980,Rohan KAPOOR,https://img.bwfbadminton.com/image/upload/v1604895867/assets/players/thumbnail/57372.jpg,India,https://img.bwfbadminton.com/image/upload/assets/flag-circle-svg-custom/IND.png,1997-09-16,27.0,180.0,69619,Ruthvika Shivani GADDE,https://img.bwfbadminton.com/image/upload/v1721631181/assets/players/thumbnail/94165.jpg,India,https://img.bwfbadminton.com/image/upload/assets/flag-circle-svg-custom/IND.png,1997-03-26,28.0,,31.0,0,54,30,20,4,9
57372,DHRUV KAPILA,https://img.bwfbadminton.com/image/upload/v1604895867/assets/players/thumbnail/57372.jpg,India,https://img.bwfbadminton.com/image/upload/assets/flag-circle-svg-custom/IND.png,2000-02-01,25,160.0,94165,Tanisha CRASTO,https://img.bwfbadminton.com/image/upload/v1721631181/assets/players/thumbnail/94165.jpg,India,https://img.bwfbadminton.com/image/upload/assets/flag-circle-svg-custom/IND.png,2003-05-05,22,160.0,17.0,1,50,33,20,10,14,64394,Cheng Kuan CHEN,https://img.bwfbadminton.com/image/upload/assets/players/thumbnail/profile_male.jpg,Chinese Taipei,https://img.bwfbadminton.com/image/upload/assets/flag-circle-svg-custom/TPE.png,2003-10-15,21.0,,96973,Yin-Hui HSU,https://img.bwfbadminton.com/image/upload/v1690356124/assets/players/thumbnail/96973.jpg,Chinese Taipei,https://img.bwfbadminton.com/image/upload/assets/flag-circle-svg-custom/TPE.png,2003-03-18,22.0,,20.0,0,57,44,38,6,14
57372,DHRUV KAPILA,https://img.bwfbadminton.com/image/upload/v1604895867/assets/players/thumbnail/57372.jpg,India,https://img.bwfbadminton.com/image/upload/assets/flag-circle-svg-custom/IND.png,2000-02-01,25,160.0,94165,Tanisha CRASTO,https://img.bwfbadminton.com/image/upload/v1721631181/assets/players/thumbnail/94165.jpg,India,https://img.bwfbadminton.com/image/upload/assets/flag-circle-svg-custom/IND.png,2003-05-05,22,160.0,17.0,1,87,33,20,10,14,78043,Han Yu ZHANG,https://img.bwfbadminton.com/image/upload/assets/players/thumbnail/profile_male.jpg,China,https://img.bwfbadminton.com/image/upload/assets/flag-circle-svg-custom/CHN.png,2002-06-20,23.0,,62277,Li Jing BAO,https://img.bwfbadminton.com/image/upload/assets/players/thumbnail/profile_female.jpg,China,https://img.bwfbadminton.com/image/upload/assets/flag-circle-svg-custom/CHN.png,2003-01-16,22.0,,85.0,1,98,13,3,0,0
57372,DHRUV KAPILA,https://img.bwfbadminton.com/image/upload/assets/players/thumbnail/profile_male.jpg,India,https://img.bwfbadminton.com/image/upload/assets/flag-circle-svg-custom/IND.png,2000-02-01,25,160.0,94165,Tanisha CRASTO,https://img.bwfbadminton.com/image/upload/assets/players/thumbnail/profile_female.jpg,India,https://img.bwfbadminton.com/image/upload/assets/flag-circle-svg-custom/IND.png,2003-05-05,22,160.0,17.0,1,42,33,20,10,14,54998,Sathwik Reddy KANAPURAM,https://img.bwfbadminton.com/image/upload/v1604895867/assets/players/thumbnail/57372.jpg,India,https://img.bwfbadminton.com/image/upload/assets/flag-circle-svg-custom/IND.png,2005-10-07,19.0,,81043,Vaishnavi KHADKEKAR,https://img.bwfbadminton.com/image/upload/v1721631181/assets/players/thumbnail/94165.jpg,India,https://img.bwfbadminton.com/image/upload/assets/flag-circle-svg-custom/IND.png,2005-09-28,19.0,,101.0,0,30,19,12,0,0
57372,DHRUV KAPILA,https://img.bwfbadminton.com/image/upload/v1604895867/assets/players/thumbnail/57372.jpg,India,https://img.bwfbadminton.com/image/upload/assets/flag-circle-svg-custom/IND.png,2000-02-01,25,160.0,94165,Tanisha CRASTO,https://img.bwfbadminton.com/image/upload/v1721631181/assets/players/thumbnail/94165.jpg,India,https://img.bwfbadminton.com/image/upload/assets/flag-circle-svg-custom/IND.png,2003-05-05,22,160.0,17.0,1,57,33,20,10,14,68809,Ayush AGARWAL,https://img.bwfbadminton.com/image/upload/assets/players/thumbnail/profile_male.jpg,India,https://img.bwfbadminton.com/image/upload/assets/flag-circle-svg-custom/IND.png,2003-05-24,22.0,,57265,Shruti MISHRA,https://img.bwfbadminton.com/image/upload/v1654675330/assets/players/thumbnail/57265.jpg,India,https://img.bwfbadminton.com/image/upload/assets/flag-circle-svg-custom/IND.png,2002-08-13,22.0,,89.0,0,42,9,11,2,2
57372,DHRUV KAPILA,https://img.bwfbadminton.com/image/upload/v1604895867/assets/players/thumbnail/57372.jpg,India,https://img.bwfbadminton.com/image/upload/assets/flag-circle-svg-custom/IND.png,2000-02-01,25,160.0,94165,Tanisha CRASTO,https://img.bwfbadminton.com/image/upload/v1721631181/assets/players/thumbnail/94165.jpg,India,https://img.bwfbadminton.com/image/upload/assets/flag-circle-svg-custom/IND.png,2003-05-05,22,160.0,17.0,1,43,33,20,10,14,65110,Pin Yi LIAO,https://img.bwfbadminton.com/image/upload/v1667179256/assets/players/thumbnail/65110.jpg,China,https://img.bwfbadminton.com/image/upload/assets/flag-circle-svg-custom/CHN.png,2005-01-20,20.0,,69931,Ke Xin HUANG,https://img.bwfbadminton.com/image/upload/v1667179280/assets/players/thumbnail/69931.jpg,China,https://img.bwfbadminton.com/image/upload/assets/flag-circle-svg-custom/CHN.png,2005-03-24,20.0,,114.0,0,39,9,4,3,1
57372,DHRUV KAPILA,https://img.bwfbadminton.com/image/upload/v1604895867/assets/players/thumbnail/57372.jpg,India,https://img.bwfbadminton.com/image/upload/assets/flag-circle-svg-custom/IND.png,2000-02-01,25,160.0,94165,Tanisha CRASTO,https://img.bwfbadminton.com/image/upload/v1721631181/assets/players/thumbnail/94165.jpg,India,https://img.bwfbadminton.com/image/upload/assets/flag-circle-svg-custom/IND.png,2003-05-05,22,160.0,17.0,0,43,33,20,10,14,61731,Dechapol PUAVARANUKROH,https://img.bwfbadminton.com/image/upload/v1636447436/assets/players/thumbnail/61731.jpg,Thailand,https://img.bwfbadminton.com/image/upload/assets/flag-circle-svg-custom/THA.png,1997-05-20,28.0,169.0,74980,Supissara PAEWSAMPRAN,https://img.bwfbadminton.com/image/upload/v1636443943/assets/players/thumbnail/74980.jpg,Thailand,https://img.bwfbadminton.com/image/upload/assets/flag-circle-svg-custom/THA.png,1999-11-18,25.0,163.0,5.0,1,60,43,12,32,9
57372,DHRUV KAPILA,https://img.bwfbadminton.com/image/upload/v1604895867/assets/players/thumbnail/57372.jpg,India,https://img.bwfbadminton.com/image/upload/assets/flag-circle-svg-custom/IND.png,2000-02-01,25,160.0,94165,Tanisha CRASTO,https://img.bwfbadminton.com/image/upload/v1721631181/assets/players/thumbnail/94165.jpg,India,https://img.bwfbadminton.com/image/upload/assets/flag-circle-svg-custom/IND.png,2003-05-05,22,160.0,17.0,1,42,33,20,10,14,70751,Zhi Hong ZHOU,https://img.bwfbadminton.com/image/upload/assets/players/thumbnail/profile_male.jpg,China,https://img.bwfbadminton.com/image/upload/assets/flag-circle-svg-custom/CHN.png,2001-05-21,24.0,,68595,Jia Yi YANG,https://img.bwfbadminton.com/image/upload/assets/players/thumbnail/profile_female.jpg,China,https://img.bwfbadminton.com/image/upload/assets/flag-circle-svg-custom/CHN.png,2002-09-26,22.0,,59.0,0,31,24,12,0,0
57372,DHRUV KAPILA,https://img.bwfbadminton.com/image/upload/v1604895867/assets/players/thumbnail/57372.jpg,India,https://img.bwfbadminton.com/image/upload/assets/flag-circle-svg-custom/IND.png,2000-02-01,25,160.0,94165,Tanisha CRASTO,https://img.bwfbadminton.com/image/upload/v1721631181/assets/players/thumbnail/94165.jpg,India,https://img.bwfbadminton.com/image/upload/assets/flag-circle-svg-custom/IND.png,2003-05-05,22,160.0,17.0,1,42,33,20,10,14,96108,Mohit JAGLAN,https://img.bwfbadminton.com/image/upload/assets/players/thumbnail/profile_male.jpg,India,https://img.bwfbadminton.com/image/upload/assets/flag-circle-svg-custom/IND.png,2002-12-26,22.0,,88377,Lakshita JAGLAN,https://img.bwfbadminton.com/image/upload/assets/players/thumbnail/profile_female.jpg,India,https://img.bwfbadminton.com/image/upload/assets/flag-circle-svg-custom/IND.png,2007-01-07,18.0,,73.0,0,20,16,16,2,5
57372,DHRUV KAPILA,https://img.bwfbadminton.com/image/upload/v1693963351/assets/players/thumbnail/79164.jpg,India,https://img.bwfbadminton.com/image/upload/assets/flag-circle-svg-custom/IND.png,2000-02-01,25,160.0,94165,Tanisha CRASTO,https://img.bwfbadminton.com/image/upload/assets/players/thumbnail/profile_female.jpg,India,https://img.bwfbadminton.com/image/upload/assets/flag-circle-svg-custom/IND.png,2003-05-05,22,160.0,17.0,2,115,33,20,10,14,79164,Sathish Kumar KARUNAKARAN,https://img.bwfbadminton.com/image/upload/v1604895867/assets/players/thumbnail/57372.jpg,India,https://img.bwfbadminton.com/image/upload/assets/flag-circle-svg-custom/IND.png,2001-05-20,24.0,,64431,Aadya VARIYATH,https://img.bwfbadminton.com/image/upload/v1721631181/assets/players/thumbnail/94165.jpg,India,https://img.bwfbadminton.com/image/upload/assets/flag-circle-svg-custom/IND.png,2001-12-02,23.0,,34.0,0,91,62,40,4,8
57372,DHRUV KAPILA,https://img.bwfbadminton.com/image/upload/v1604895867/assets/players/thumbnail/57372.jpg,India,https://img.bwfbadminton.com/image/upload/assets/flag-circle-svg-custom/IND.png,2000-02-01,25,160.0,94165,Tanisha CRASTO,https://img.bwfbadminton.com/image/upload/v1721631181/assets/players/thumbnail/94165.jpg,India,https://img.bwfbadminton.com/image/upload/assets/flag-circle-svg-custom/IND.png,2003-05-05,22,160.0,17.0,2,115,33,20,10,14,79164,Sathish Kumar KARUNAKARAN,https://img.bwfbadminton.com/image/upload/v1693963351/assets/players/thumbnail/79164.jpg,India,https://img.bwfbadminton.com/image/upload/assets/flag-circle-svg-custom/IND.png,2001-05-20,24.0,,64431,Aadya VARIYATH,https://img.bwfbadminton.com/image/upload/assets/players/thumbnail/profile_female.jpg,India,https://img.bwfbadminton.com/image/upload/assets/flag-circle-svg-custom/IND.png,2001-12-02,23.0,,34.0,0,91,62,40,4,8
57372,DHRUV KAPILA,https://img.bwfbadminton.com/image/upload/v1604895867/assets/players/thumbnail/57372.jpg,India,https://img.bwfbadminton.com/image/upload/assets/flag-circle-svg-custom/IND.png,2000-02-01,25,160.0,94165,Tanisha CRASTO,https://img.bwfbadminton.com/image/upload/v1721631181/assets/players/thumbnail/94165.jpg,India,https://img.bwfbadminton.com/image/upload/assets/flag-circle-svg-custom/IND.png,2003-05-05,22,160.0,17.0,1,42,33,20,10,14,80447,Bokka NAVANEETH,https://img.bwfbadminton.com/image/upload/assets/players/thumbnail/profile_male.jpg,India,https://img.bwfbadminton.com/image/upload/assets/flag-circle-svg-custom/IND.png,2001-03-25,24.0,,88389,Ritika THAKER,https://img.bwfbadminton.com/image/upload/v1604897805/assets/players/thumbnail/88389.jpg,India,https://img.bwfbadminton.com/image/upload/assets/flag-circle-svg-custom/IND.png,2001-01-17,24.0,,67.0,0,16,24,17,3,1
57372,DHRUV KAPILA,https://img.bwfbadminton.com/image/upload/v1604895867/assets/players/thumbnail/57372.jpg,India,https://img.bwfbadminton.com/image/upload/assets/flag-circle-svg-custom/IND.png,2000-02-01,25,160.0,94165,Tanisha CRASTO,https://img.bwfbadminton.com/image/upload/v1721631181/assets/players/thumbnail/94165.jpg,India,https://img.bwfbadminton.com/image/upload/assets/flag-circle-svg-custom/IND.png,2003-05-05,22,160.0,17.0,1,54,33,20,10,14,65663,Van Hai PHAM,https://img.bwfbadminton.com/image/upload/assets/players/thumbnail/profile_male.jpg,Vietnam,https://img.bwfbadminton.com/image/upload/assets/flag-circle-svg-custom/VIE.png,2001-01-03,24.0,,68320,Van Anh THAN,https://img.bwfbadminton.com/image/upload/assets/players/thumbnail/profile_female.jpg,Vietnam,https://img.bwfbadminton.com/image/upload/assets/flag-circle-svg-custom/VIE.png,2003-03-01,22.0,,134.0,0,57,20,23,3,3
72435,Satwiksairaj RANKIREDDY,https://img.bwfbadminton.com/image/upload/v1697771308/assets/players/thumbnail/72435.jpg,India,https://img.bwfbadminton.com/image/upload/assets/flag-circle-svg-custom/IND.png,2000-08-13,24,184.0,70500,Chirag SHETTY,https://img.bwfbadminton.com/image/upload/v1697771565/assets/players/thumbnail/70500.jpg,India,https://img.bwfbadminton.com/image/upload/assets/flag-circle-svg-custom/IND.png,1997-07-04,27,186.0,16.0,1,42,226,105,13,6,56350,Hon Jian CHOONG,https://img.bwfbadminton.com/image/upload/v1604896521/assets/players/thumbnail/56350.jpg,Malaysia,https://img.bwfbadminton.com/image/upload/assets/flag-circle-svg-custom/MAS.png,2000-07-02,24.0,,88642,Muhammad HAIKAL,https://img.bwfbadminton.com/image/upload/v1654675847/assets/players/thumbnail/88642.jpg,Malaysia,https://img.bwfbadminton.com/image/upload/assets/flag-circle-svg-custom/MAS.png,2002-12-26,22.0,,47.0,0,29,40,26,1,5
72435,Satwiksairaj RANKIREDDY,https://img.bwfbadminton.com/image/upload/v1697771308/assets/players/thumbnail/72435.jpg,India,https://img.bwfbadminton.com/image/upload/assets/flag-circle-svg-custom/IND.png,2000-08-13,24,184.0,70500,Chirag SHETTY,https://img.bwfbadminton.com/image/upload/v1697771565/assets/players/thumbnail/70500.jpg,India,https://img.bwfbadminton.com/image/upload/assets/flag-circle-svg-custom/IND.png,1997-07-04,27,186.0,16.0,0,41,226,105,13,6,73633,Kittinupong KEDREN,https://img.bwfbadminton.com/image/upload/v1721631057/assets/players/thumbnail/73633.jpg,Thailand,https://img.bwfbadminton.com/image/upload/assets/flag-circle-svg-custom/THA.png,1996-07-19,28.0,163.0,61731,Dechapol PUAVARANUKROH,https://img.bwfbadminton.com/image/upload/v1636447436/assets/players/thumbnail/61731.jpg,Thailand,https://img.bwfbadminton.com/image/upload/assets/flag-circle-svg-custom/THA.png,1997-05-20,28.0,169.0,13.0,1,45,110,105,20,9
72435,Satwiksairaj RANKIREDDY,https://img.bwfbadminton.com/image/upload/v1697771308/assets/players/thumbnail/72435.jpg,India,https://img.bwfbadminton.com/image/upload/assets/flag-circle-svg-custom/IND.png,2000-08-13,24,184.0,70500,Chirag SHETTY,https://img.bwfbadminton.com/image/upload/v1697771565/assets/players/thumbnail/70500.jpg,India,https://img.bwfbadminton.com/image/upload/assets/flag-circle-svg-custom/IND.png,1997-07-04,27,186.0,16.0,1,42,226,105,13,6,75829,Zhi  Ray CHEN,https://img.bwfbadminton.com/image/upload/assets/players/thumbnail/profile_male.jpg,Chinese Taipei,https://img.bwfbadminton.com/image/upload/assets/flag-circle-svg-custom/TPE.png,2002-08-14,22.0,,92504,Yu Chieh LIN,https://img.bwfbadminton.com/image/upload/v1696985956/assets/players/thumbnail/92504.jpg,Chinese Taipei,https://img.bwfbadminton.com/image/upload/assets/flag-circle-svg-custom/TPE.png,2000-05-19,25.0,,41.0,0,31,26,26,4,11
72435,Satwiksairaj RANKIREDDY,https://img.bwfbadminton.com/image/upload/v1697771308/assets/players/thumbnail/72435.jpg,India,https://img.bwfbadminton.com/image/upload/assets/flag-circle-svg-custom/IND.png,2000-08-13,24,184.0,70500,Chirag SHETTY,https://img.bwfbadminton.com/image/upload/v1697771565/assets/players/thumbnail/70500.jpg,India,https://img.bwfbadminton.com/image/upload/assets/flag-circle-svg-custom/IND.png,1997-07-04,27,186.0,16.0,2,100,226,105,13,6,58986,Ming Che LU,https://img.bwfbadminton.com/image/upload/assets/players/thumbnail/profile_male.jpg,Chinese Taipei,https://img.bwfbadminton.com/image/upload/assets/flag-circle-svg-custom/TPE.png,1998-12-21,26.0,,72372,Kai  Wei TANG,https://img.bwfbadminton.com/image/upload/assets/players/thumbnail/profile_male.jpg,Chinese Taipei,https://img.bwfbadminton.com/image/upload/assets/flag-circle-svg-custom/TPE.png,1998-06-29,26.0,,44.0,0,59,38,40,3,7
